claim_sk,filename,language,ocr_confidence,is_inconsistent,injected_inconsistency,stated_los,stated_diagnosis,stated_admission,synthetic
C0020079,SYNTHETIC_discharge_C0020079_en.txt,en,0.65,False,,7,I21.9,2027-10-23,True
C0012941,SYNTHETIC_discharge_C0012941_en.txt,en,0.95,False,,2,O80,2026-03-19,True
C0004861,SYNTHETIC_discharge_C0004861_en.txt,en,0.95,False,,3,K35.8,2024-03-30,True
C0003319,SYNTHETIC_discharge_C0003319_ar.txt,ar,0.95,False,,4,J18.9,2023-11-20,True
C0011128,SYNTHETIC_discharge_C0011128_en.txt,en,0.95,False,,3,E11.9,2025-10-28,True
C0005461,SYNTHETIC_discharge_C0005461_en.txt,en,0.95,False,,7,M17.1,2024-05-22,True
C0000699,SYNTHETIC_discharge_C0000699_en.txt,en,0.95,False,,2,K35.8,2023-03-20,True
C0016392,SYNTHETIC_discharge_C0016392_ar.txt,ar,0.95,False,,2,J45.9,2026-12-16,True
C0003385,SYNTHETIC_discharge_C0003385_en.txt,en,0.95,True,diagnosis_conflict,2,I50.9,2023-11-25,True
C0010549,SYNTHETIC_discharge_C0010549_ar.txt,ar,0.46,False,,5,C50.9,2025-09-03,True
C0019761,SYNTHETIC_discharge_C0019761_ar.txt,ar,0.95,False,,1,B34.9,2027-09-22,True
C0010310,SYNTHETIC_discharge_C0010310_en.txt,en,0.95,False,,2,N39.0,2025-08-10,True
C0004418,SYNTHETIC_discharge_C0004418_en.txt,en,0.95,False,,4,Z38.0,2024-02-21,True
C0000396,SYNTHETIC_discharge_C0000396_ar.txt,ar,0.6,False,,2,D64.9,2023-02-16,True
C0006877,SYNTHETIC_discharge_C0006877_en.txt,en,0.95,False,,3,O80,2024-09-23,True
C0019806,SYNTHETIC_discharge_C0019806_en.txt,en,0.95,False,,1,Z51.1,2027-09-27,True
C0005417,SYNTHETIC_discharge_C0005417_en.txt,en,0.95,False,,3,N39.0,2024-05-18,True
C0017697,SYNTHETIC_discharge_C0017697_ar.txt,ar,0.95,False,,4,Z38.0,2027-03-26,True
C0006218,SYNTHETIC_discharge_C0006218_en.txt,en,0.95,True,stay_length_conflict,14,A09,2024-08-02,True
C0016259,SYNTHETIC_discharge_C0016259_en.txt,en,0.95,False,,6,C50.9,2026-12-04,True
C0015039,SYNTHETIC_discharge_C0015039_en.txt,en,0.95,False,,7,S72.0,2026-08-08,True
C0002674,SYNTHETIC_discharge_C0002674_en.txt,en,0.95,True,diagnosis_conflict,6,M17.1,2023-09-22,True
C0003498,SYNTHETIC_discharge_C0003498_en.txt,en,0.95,True,stay_length_conflict,10,Z38.0,2023-12-05,True
C0008993,SYNTHETIC_discharge_C0008993_ar.txt,ar,0.95,False,,2,O80,2025-04-15,True
C0003139,SYNTHETIC_discharge_C0003139_en.txt,en,0.66,False,,1,Z51.1,2023-11-03,True
C0010794,SYNTHETIC_discharge_C0010794_en.txt,en,0.95,False,,1,A09,2025-09-26,True
C0000382,SYNTHETIC_discharge_C0000382_en.txt,en,0.95,True,date_conflict,1,Z51.1,2023-02-03,True
C0007484,SYNTHETIC_discharge_C0007484_en.txt,en,0.95,False,,2,D64.9,2024-11-18,True
C0015679,SYNTHETIC_discharge_C0015679_en.txt,en,0.95,False,,1,R07.4,2026-10-10,True
C0013886,SYNTHETIC_discharge_C0013886_en.txt,en,0.95,False,,3,O80,2026-05-09,True
C0002029,SYNTHETIC_discharge_C0002029_en.txt,en,0.95,True,stay_length_conflict,1,K80.2,2023-07-17,True
C0015622,SYNTHETIC_discharge_C0015622_en.txt,en,0.95,False,,1,H25.1,2026-10-05,True
C0004232,SYNTHETIC_discharge_C0004232_en.txt,en,0.95,False,,2,G40.9,2024-02-07,True
C0006493,SYNTHETIC_discharge_C0006493_en.txt,en,0.95,False,,2,J45.9,2024-08-27,True
C0003620,SYNTHETIC_discharge_C0003620_ar.txt,ar,0.95,False,,2,Z51.1,2023-12-15,True
C0008934,SYNTHETIC_discharge_C0008934_en.txt,en,0.95,False,,9,S72.0,2025-04-10,True
C0010918,SYNTHETIC_discharge_C0010918_en.txt,en,0.63,False,,5,J18.9,2025-10-06,True
C0016853,SYNTHETIC_discharge_C0016853_en.txt,en,0.95,False,,3,T14.9,2027-01-31,True
C0017704,SYNTHETIC_discharge_C0017704_ar.txt,ar,0.95,False,,6,I50.9,2027-03-26,True
C0013100,SYNTHETIC_discharge_C0013100_en.txt,en,0.95,False,,3,L03.1,2026-03-20,True
C0017531,SYNTHETIC_discharge_C0017531_en.txt,en,0.95,True,date_conflict,3,Z38.0,2027-03-15,True
C0015992,SYNTHETIC_discharge_C0015992_en.txt,en,0.95,False,,3,K35.8,2026-11-06,True
C0012254,SYNTHETIC_discharge_C0012254_ar.txt,ar,0.95,False,,1,B34.9,2026-01-18,True
C0004789,SYNTHETIC_discharge_C0004789_en.txt,en,0.95,False,,3,Z51.1,2024-03-26,True
C0005710,SYNTHETIC_discharge_C0005710_en.txt,en,0.95,False,,2,T14.9,2024-06-16,True
C0003645,SYNTHETIC_discharge_C0003645_ar.txt,ar,0.95,False,,4,K80.2,2023-12-17,True
C0005701,SYNTHETIC_discharge_C0005701_en.txt,en,0.95,True,date_conflict,2,Z38.0,2024-06-08,True
C0005017,SYNTHETIC_discharge_C0005017_en.txt,en,0.95,True,date_conflict,6,M17.1,2024-04-18,True
C0003720,SYNTHETIC_discharge_C0003720_en.txt,en,0.4,False,,4,J18.9,2023-12-25,True
C0020430,SYNTHETIC_discharge_C0020430_ar.txt,ar,0.65,False,,6,I50.9,2027-11-11,True
C0011365,SYNTHETIC_discharge_C0011365_en.txt,en,0.95,False,,3,J45.9,2025-11-17,True
C0019894,SYNTHETIC_discharge_C0019894_ar.txt,ar,0.95,False,,4,K35.8,2027-10-05,True
C0012472,SYNTHETIC_discharge_C0012472_en.txt,en,0.95,False,,1,H25.1,2026-02-05,True
C0016629,SYNTHETIC_discharge_C0016629_ar.txt,ar,0.95,False,,2,D64.9,2027-01-06,True
C0006399,SYNTHETIC_discharge_C0006399_en.txt,en,0.95,False,,1,H25.1,2024-08-19,True
C0020607,SYNTHETIC_discharge_C0020607_ar.txt,ar,0.56,False,,6,I50.9,2027-11-26,True
C0019646,SYNTHETIC_discharge_C0019646_en.txt,en,0.95,False,,2,K80.2,2027-09-11,True
C0004280,SYNTHETIC_discharge_C0004280_en.txt,en,0.95,False,,16,N39.0,2024-02-11,True
C0003100,SYNTHETIC_discharge_C0003100_ar.txt,ar,0.95,False,,1,D64.9,2023-10-31,True
C0010011,SYNTHETIC_discharge_C0010011_ar.txt,ar,0.95,False,,3,T14.9,2025-07-13,True
C0012208,SYNTHETIC_discharge_C0012208_ar.txt,ar,0.95,False,,2,B34.9,2026-01-13,True
C0018018,SYNTHETIC_discharge_C0018018_en.txt,en,0.95,True,date_conflict,3,O80,2027-04-18,True
C0013145,SYNTHETIC_discharge_C0013145_en.txt,en,0.95,False,,3,L03.1,2026-03-20,True
C0019489,SYNTHETIC_discharge_C0019489_ar.txt,ar,0.95,True,date_conflict,13,I50.9,2027-09-06,True
C0007779,SYNTHETIC_discharge_C0007779_ar.txt,ar,0.95,False,,2,E11.9,2024-12-19,True
C0003910,SYNTHETIC_discharge_C0003910_en.txt,en,0.95,False,,3,G40.9,2024-01-11,True
C0007050,SYNTHETIC_discharge_C0007050_en.txt,en,0.63,False,,6,J18.9,2024-10-09,True
C0011698,SYNTHETIC_discharge_C0011698_en.txt,en,0.95,False,,2,T14.9,2025-12-01,True
C0007168,SYNTHETIC_discharge_C0007168_ar.txt,ar,0.95,False,,1,H25.1,2024-10-20,True
C0010141,SYNTHETIC_discharge_C0010141_ar.txt,ar,0.95,False,,3,J45.9,2025-07-27,True
C0016284,SYNTHETIC_discharge_C0016284_ar.txt,ar,0.95,False,,5,L03.1,2026-12-06,True
C0013322,SYNTHETIC_discharge_C0013322_en.txt,en,0.48,False,,3,Z38.0,2026-04-03,True
C0020188,SYNTHETIC_discharge_C0020188_ar.txt,ar,0.95,True,stay_length_conflict,16,L03.1,2027-11-04,True
C0012320,SYNTHETIC_discharge_C0012320_ar.txt,ar,0.95,False,,2,T14.9,2026-01-24,True
C0004507,SYNTHETIC_discharge_C0004507_ar.txt,ar,0.95,False,,4,N18.5,2024-03-01,True
C0018330,SYNTHETIC_discharge_C0018330_en.txt,en,0.95,False,,3,H25.1,2027-05-25,True
C0002414,SYNTHETIC_discharge_C0002414_ar.txt,ar,0.95,False,,1,H25.1,2023-08-23,True
C0014464,SYNTHETIC_discharge_C0014464_en.txt,en,0.95,False,,2,M17.1,2026-06-26,True
C0016232,SYNTHETIC_discharge_C0016232_en.txt,en,0.67,False,,4,N39.0,2026-12-01,True
C0007399,SYNTHETIC_discharge_C0007399_en.txt,en,0.95,False,,4,E11.9,2024-11-11,True
C0012688,SYNTHETIC_discharge_C0012688_ar.txt,ar,0.42,False,,5,J18.9,2026-02-23,True
C0018457,SYNTHETIC_discharge_C0018457_ar.txt,ar,0.95,False,,2,B34.9,2027-06-04,True
C0013793,SYNTHETIC_discharge_C0013793_en.txt,en,0.61,False,,3,O80,2026-05-09,True
C0010346,SYNTHETIC_discharge_C0010346_ar.txt,ar,0.95,False,,3,D64.9,2025-08-14,True
C0015072,SYNTHETIC_discharge_C0015072_en.txt,en,0.95,False,,1,I10,2026-08-11,True
C0006141,SYNTHETIC_discharge_C0006141_en.txt,en,0.95,False,,7,C50.9,2024-07-25,True
C0005404,SYNTHETIC_discharge_C0005404_en.txt,en,0.95,False,,2,I10,2024-05-18,True
C0011744,SYNTHETIC_discharge_C0011744_en.txt,en,0.95,False,,15,E11.9,2025-12-03,True
C0013231,SYNTHETIC_discharge_C0013231_ar.txt,ar,0.95,False,,6,I21.9,2026-03-28,True
C0020670,SYNTHETIC_discharge_C0020670_en.txt,en,0.95,False,,2,B34.9,2027-12-03,True
C0007294,SYNTHETIC_discharge_C0007294_en.txt,en,0.95,False,,2,N18.5,2024-10-30,True
C0005910,SYNTHETIC_discharge_C0005910_en.txt,en,0.95,False,,1,Z51.1,2024-07-06,True
C0002560,SYNTHETIC_discharge_C0002560_ar.txt,ar,0.95,False,,5,C50.9,2023-09-08,True
C0013877,SYNTHETIC_discharge_C0013877_en.txt,en,0.95,False,,3,O80,2026-05-09,True
C0020083,SYNTHETIC_discharge_C0020083_en.txt,en,0.95,False,,4,K80.2,2027-10-23,True
C0005443,SYNTHETIC_discharge_C0005443_en.txt,en,0.95,False,,6,I50.9,2024-05-20,True
C0005768,SYNTHETIC_discharge_C0005768_en.txt,en,0.95,True,date_conflict,1,A09,2024-07-01,True
C0012090,SYNTHETIC_discharge_C0012090_en.txt,en,0.95,True,diagnosis_conflict,1,T14.9,2026-01-03,True
C0020722,SYNTHETIC_discharge_C0020722_en.txt,en,0.95,False,,3,H25.1,2027-12-09,True
C0006891,SYNTHETIC_discharge_C0006891_en.txt,en,0.95,False,,3,N39.0,2024-09-26,True
C0004228,SYNTHETIC_discharge_C0004228_en.txt,en,0.95,False,,18,M17.1,2024-02-07,True
C0017106,SYNTHETIC_discharge_C0017106_en.txt,en,0.95,False,,3,J45.9,2027-02-08,True
C0016296,SYNTHETIC_discharge_C0016296_ar.txt,ar,0.57,True,stay_length_conflict,16,I50.9,2026-12-07,True
C0020051,SYNTHETIC_discharge_C0020051_ar.txt,ar,0.95,True,stay_length_conflict,9,K35.8,2027-10-21,True
C0003637,SYNTHETIC_discharge_C0003637_ar.txt,ar,0.95,False,,3,E11.9,2023-12-16,True
C0019044,SYNTHETIC_discharge_C0019044_ar.txt,ar,0.95,True,date_conflict,5,N18.5,2027-07-30,True
C0004357,SYNTHETIC_discharge_C0004357_en.txt,en,0.53,False,,3,O80,2024-02-14,True
C0002286,SYNTHETIC_discharge_C0002286_ar.txt,ar,0.95,False,,3,Z38.0,2023-08-10,True
C0005255,SYNTHETIC_discharge_C0005255_en.txt,en,0.95,False,,3,T14.9,2024-05-04,True
C0013172,SYNTHETIC_discharge_C0013172_en.txt,en,0.95,False,,1,J45.9,2026-03-24,True
C0020734,SYNTHETIC_discharge_C0020734_en.txt,en,0.95,False,,4,L03.1,2027-12-10,True
C0007106,SYNTHETIC_discharge_C0007106_en.txt,en,0.95,False,,3,O80,2024-10-13,True
C0006067,SYNTHETIC_discharge_C0006067_en.txt,en,0.95,False,,3,N39.0,2024-07-19,True
C0006477,SYNTHETIC_discharge_C0006477_ar.txt,ar,0.95,False,,2,O80,2024-08-25,True
C0011755,SYNTHETIC_discharge_C0011755_en.txt,en,0.95,True,date_conflict,1,H25.1,2025-12-10,True
C0000956,SYNTHETIC_discharge_C0000956_en.txt,en,0.95,False,,4,G40.9,2023-04-14,True
C0017922,SYNTHETIC_discharge_C0017922_ar.txt,ar,0.51,False,,5,L03.1,2027-04-14,True
C0002294,SYNTHETIC_discharge_C0002294_en.txt,en,0.95,False,,2,I10,2023-08-10,True
C0011949,SYNTHETIC_discharge_C0011949_en.txt,en,0.66,True,date_conflict,4,L03.1,2025-12-09,True
C0016351,SYNTHETIC_discharge_C0016351_ar.txt,ar,0.95,False,,2,Z51.1,2026-12-12,True
C0010696,SYNTHETIC_discharge_C0010696_en.txt,en,0.95,True,stay_length_conflict,1,Z38.0,2025-09-17,True
C0013799,SYNTHETIC_discharge_C0013799_en.txt,en,0.95,False,,3,O80,2026-05-09,True
C0003037,SYNTHETIC_discharge_C0003037_en.txt,en,0.95,False,,2,E11.9,2023-10-24,True
C0002650,SYNTHETIC_discharge_C0002650_en.txt,en,0.95,False,,4,N18.5,2023-09-18,True
C0013829,SYNTHETIC_discharge_C0013829_en.txt,en,0.95,False,,3,O80,2026-05-09,True
C0013841,SYNTHETIC_discharge_C0013841_en.txt,en,0.95,False,,3,O80,2026-05-09,True
C0017470,SYNTHETIC_discharge_C0017470_en.txt,en,0.95,False,,5,N18.5,2027-03-06,True
C0009741,SYNTHETIC_discharge_C0009741_en.txt,en,0.95,False,,4,N18.5,2025-06-18,True
C0001808,SYNTHETIC_discharge_C0001808_ar.txt,ar,0.95,False,,4,L03.1,2023-06-30,True
C0005800,SYNTHETIC_discharge_C0005800_en.txt,en,0.95,False,,7,I50.9,2024-06-24,True
C0000020,SYNTHETIC_discharge_C0000020_en.txt,en,0.95,True,diagnosis_conflict,2,K80.2,2023-01-02,True
C0000397,SYNTHETIC_discharge_C0000397_en.txt,en,0.95,True,stay_length_conflict,14,T14.9,2023-02-16,True
C0015956,SYNTHETIC_discharge_C0015956_en.txt,en,0.95,False,,2,O80,2026-11-03,True
C0011509,SYNTHETIC_discharge_C0011509_ar.txt,ar,0.95,False,,3,J45.9,2025-11-17,True
C0012042,SYNTHETIC_discharge_C0012042_en.txt,en,0.95,False,,9,S72.0,2025-12-29,True
C0013374,SYNTHETIC_discharge_C0013374_en.txt,en,0.95,False,,2,H25.1,2026-04-08,True
C0016927,SYNTHETIC_discharge_C0016927_en.txt,en,0.95,False,,2,B34.9,2027-02-06,True
C0008629,SYNTHETIC_discharge_C0008629_ar.txt,ar,0.95,False,,1,H25.1,2025-03-18,True
C0019247,SYNTHETIC_discharge_C0019247_ar.txt,ar,0.95,True,diagnosis_conflict,5,N18.5,2027-08-13,True
C0007639,SYNTHETIC_discharge_C0007639_en.txt,en,0.95,False,,4,E11.9,2024-12-06,True
C0013961,SYNTHETIC_discharge_C0013961_ar.txt,ar,0.95,False,,6,C50.9,2026-05-14,True
C0008355,SYNTHETIC_discharge_C0008355_en.txt,en,0.95,False,,2,D64.9,2025-02-20,True
C0005117,SYNTHETIC_discharge_C0005117_ar.txt,ar,0.95,False,,5,J18.9,2024-04-22,True
C0008259,SYNTHETIC_discharge_C0008259_en.txt,en,0.95,False,,1,I10,2025-02-10,True
C0012109,SYNTHETIC_discharge_C0012109_en.txt,en,0.95,False,,4,T14.9,2026-01-05,True
C0010873,SYNTHETIC_discharge_C0010873_ar.txt,ar,0.95,True,diagnosis_conflict,2,L03.1,2025-10-02,True
C0007241,SYNTHETIC_discharge_C0007241_ar.txt,ar,0.95,False,,1,Z51.1,2024-10-26,True
C0013778,SYNTHETIC_discharge_C0013778_ar.txt,ar,0.95,False,,3,O80,2026-05-09,True
C0008557,SYNTHETIC_discharge_C0008557_ar.txt,ar,0.95,False,,2,O80,2025-03-09,True
C0014631,SYNTHETIC_discharge_C0014631_ar.txt,ar,0.63,False,,3,T14.9,2026-07-07,True
C0002692,SYNTHETIC_discharge_C0002692_en.txt,en,0.95,False,,2,N39.0,2023-09-23,True
C0014140,SYNTHETIC_discharge_C0014140_en.txt,en,0.95,False,,4,K35.8,2026-06-01,True
C0019172,SYNTHETIC_discharge_C0019172_ar.txt,ar,0.56,False,,2,O80,2027-08-04,True
C0010625,SYNTHETIC_discharge_C0010625_en.txt,en,0.95,False,,1,A09,2025-09-11,True
C0010354,SYNTHETIC_discharge_C0010354_en.txt,en,0.65,False,,1,I10,2025-08-14,True
C0000649,SYNTHETIC_discharge_C0000649_en.txt,en,0.95,False,,2,A09,2023-03-15,True
C0000248,SYNTHETIC_discharge_C0000248_ar.txt,ar,0.95,False,,1,R07.4,2023-01-29,True
C0002035,SYNTHETIC_discharge_C0002035_ar.txt,ar,0.95,False,,2,J45.9,2023-07-18,True
C0004828,SYNTHETIC_discharge_C0004828_en.txt,en,0.95,False,,3,L03.1,2024-03-28,True
C0009939,SYNTHETIC_discharge_C0009939_en.txt,en,0.95,True,stay_length_conflict,11,K80.2,2025-07-06,True
C0017293,SYNTHETIC_discharge_C0017293_en.txt,en,0.95,False,,13,R07.4,2027-02-18,True
C0001919,SYNTHETIC_discharge_C0001919_en.txt,en,0.95,False,,2,R07.4,2023-07-06,True
C0018939,SYNTHETIC_discharge_C0018939_en.txt,en,0.95,False,,4,K80.2,2027-07-15,True
C0004665,SYNTHETIC_discharge_C0004665_en.txt,en,0.95,False,,6,C50.9,2024-03-16,True
C0018040,SYNTHETIC_discharge_C0018040_en.txt,en,0.68,False,,3,O80,2027-04-26,True
C0001558,SYNTHETIC_discharge_C0001558_ar.txt,ar,0.95,False,,1,R07.4,2023-06-08,True
C0016227,SYNTHETIC_discharge_C0016227_en.txt,en,0.95,False,,6,I21.9,2026-12-01,True
C0003311,SYNTHETIC_discharge_C0003311_en.txt,en,0.95,False,,5,N18.5,2023-11-20,True
C0008271,SYNTHETIC_discharge_C0008271_en.txt,en,0.95,False,,6,I21.9,2025-02-11,True
C0006224,SYNTHETIC_discharge_C0006224_ar.txt,ar,0.95,False,,8,I21.9,2024-08-02,True
C0020515,SYNTHETIC_discharge_C0020515_ar.txt,ar,0.95,False,,2,A09,2027-11-17,True
C0000880,SYNTHETIC_discharge_C0000880_en.txt,en,0.95,False,,3,Z38.0,2023-04-06,True
C0012303,SYNTHETIC_discharge_C0012303_ar.txt,ar,0.95,False,,5,C50.9,2026-01-23,True
C0004134,SYNTHETIC_discharge_C0004134_ar.txt,ar,0.95,False,,2,Z51.1,2024-01-31,True
C0010102,SYNTHETIC_discharge_C0010102_en.txt,en,0.95,False,,9,S72.0,2025-07-22,True
C0018863,SYNTHETIC_discharge_C0018863_en.txt,en,0.95,False,,4,K80.2,2027-07-10,True
C0000896,SYNTHETIC_discharge_C0000896_en.txt,en,0.95,False,,2,O80,2023-04-08,True
C0001387,SYNTHETIC_discharge_C0001387_ar.txt,ar,0.95,False,,8,I21.9,2023-05-22,True
C0014460,SYNTHETIC_discharge_C0014460_en.txt,en,0.95,False,,2,N39.0,2026-06-26,True
C0010558,SYNTHETIC_discharge_C0010558_en.txt,en,0.95,True,stay_length_conflict,1,O80,2025-09-04,True
C0001424,SYNTHETIC_discharge_C0001424_en.txt,en,0.95,False,,1,I10,2023-05-25,True
C0014487,SYNTHETIC_discharge_C0014487_ar.txt,ar,0.95,False,,1,R07.4,2026-06-28,True
C0004838,SYNTHETIC_discharge_C0004838_en.txt,en,0.95,False,,1,I10,2024-03-29,True
C0017276,SYNTHETIC_discharge_C0017276_en.txt,en,0.95,False,,14,I21.9,2027-02-17,True
C0014176,SYNTHETIC_discharge_C0014176_en.txt,en,0.95,False,,5,N18.5,2026-06-03,True
C0009705,SYNTHETIC_discharge_C0009705_en.txt,en,0.95,False,,1,Z51.1,2025-06-16,True
C0012808,SYNTHETIC_discharge_C0012808_en.txt,en,0.95,True,diagnosis_conflict,3,L03.1,2026-03-06,True
C0018601,SYNTHETIC_discharge_C0018601_en.txt,en,0.95,False,,7,I21.9,2027-06-16,True
C0019893,SYNTHETIC_discharge_C0019893_en.txt,en,0.56,False,,4,J18.9,2027-10-05,True
C0010110,SYNTHETIC_discharge_C0010110_ar.txt,ar,0.95,False,,3,N39.0,2025-07-23,True
C0017137,SYNTHETIC_discharge_C0017137_en.txt,en,0.95,False,,3,K35.8,2027-02-09,True
C0002090,SYNTHETIC_discharge_C0002090_en.txt,en,0.95,False,,1,D64.9,2023-07-25,True
C0000810,SYNTHETIC_discharge_C0000810_en.txt,en,0.95,False,,6,M17.1,2023-03-30,True
C0014053,SYNTHETIC_discharge_C0014053_ar.txt,ar,0.95,False,,3,I10,2026-05-24,True
C0015239,SYNTHETIC_discharge_C0015239_ar.txt,ar,0.95,False,,2,O80,2026-08-27,True
C0003315,SYNTHETIC_discharge_C0003315_en.txt,en,0.95,True,date_conflict,1,H25.1,2023-11-09,True
C0008008,SYNTHETIC_discharge_C0008008_en.txt,en,0.61,False,,2,I21.9,2025-01-13,True
C0012823,SYNTHETIC_discharge_C0012823_ar.txt,ar,0.95,False,,7,I21.9,2026-03-08,True
C0002062,SYNTHETIC_discharge_C0002062_ar.txt,ar,0.95,False,,3,O80,2023-07-21,True
C0015594,SYNTHETIC_discharge_C0015594_en.txt,en,0.95,False,,2,K35.8,2026-10-01,True
C0006879,SYNTHETIC_discharge_C0006879_en.txt,en,0.95,False,,4,N18.5,2024-09-24,True
C0001383,SYNTHETIC_discharge_C0001383_ar.txt,ar,0.64,False,,6,I50.9,2023-05-21,True
C0009562,SYNTHETIC_discharge_C0009562_ar.txt,ar,0.95,False,,1,Z51.1,2025-06-04,True
C0012656,SYNTHETIC_discharge_C0012656_en.txt,en,0.46,False,,5,N18.5,2026-02-21,True
C0002819,SYNTHETIC_discharge_C0002819_en.txt,en,0.58,True,diagnosis_conflict,1,N39.0,2023-10-05,True
C0001675,SYNTHETIC_discharge_C0001675_en.txt,en,0.95,False,,1,H25.1,2023-06-19,True
C0019717,SYNTHETIC_discharge_C0019717_en.txt,en,0.95,False,,7,I21.9,2027-09-18,True
C0019151,SYNTHETIC_discharge_C0019151_ar.txt,ar,0.48,False,,2,J45.9,2027-08-01,True
C0008487,SYNTHETIC_discharge_C0008487_ar.txt,ar,0.63,False,,1,T14.9,2025-03-03,True
C0019728,SYNTHETIC_discharge_C0019728_ar.txt,ar,0.67,False,,2,G40.9,2027-09-19,True
C0007272,SYNTHETIC_discharge_C0007272_ar.txt,ar,0.95,False,,2,H25.1,2024-10-28,True
C0005026,SYNTHETIC_discharge_C0005026_en.txt,en,0.95,False,,2,J45.9,2024-04-13,True
C0006692,SYNTHETIC_discharge_C0006692_en.txt,en,0.51,False,,2,C50.9,2024-09-12,True
C0016685,SYNTHETIC_discharge_C0016685_en.txt,en,0.95,True,diagnosis_conflict,6,J45.9,2027-01-12,True
C0001174,SYNTHETIC_discharge_C0001174_ar.txt,ar,0.95,False,,5,M17.1,2023-05-03,True
C0001542,SYNTHETIC_discharge_C0001542_en.txt,en,0.95,False,,1,A09,2023-06-08,True
C0008528,SYNTHETIC_discharge_C0008528_ar.txt,ar,0.53,False,,5,I50.9,2025-03-07,True
C0004286,SYNTHETIC_discharge_C0004286_en.txt,en,0.54,False,,3,G40.9,2024-02-11,True
C0008159,SYNTHETIC_discharge_C0008159_ar.txt,ar,0.95,False,,2,Z38.0,2025-01-29,True
C0004375,SYNTHETIC_discharge_C0004375_en.txt,en,0.95,False,,14,O80,2024-02-15,True
C0012230,SYNTHETIC_discharge_C0012230_ar.txt,ar,0.95,False,,2,D64.9,2026-01-15,True
C0005935,SYNTHETIC_discharge_C0005935_ar.txt,ar,0.95,False,,6,J18.9,2024-07-08,True
C0005167,SYNTHETIC_discharge_C0005167_ar.txt,ar,0.95,False,,8,C50.9,2024-04-26,True
C0019823,SYNTHETIC_discharge_C0019823_en.txt,en,0.95,False,,1,Z51.1,2027-09-27,True
C0003219,SYNTHETIC_discharge_C0003219_en.txt,en,0.41,False,,2,A09,2023-11-11,True
C0016974,SYNTHETIC_discharge_C0016974_en.txt,en,0.95,False,,3,J45.9,2027-02-08,True
C0020207,SYNTHETIC_discharge_C0020207_en.txt,en,0.95,False,,4,L03.1,2027-11-04,True
C0012153,SYNTHETIC_discharge_C0012153_en.txt,en,0.95,False,,2,R07.4,2026-01-09,True
C0009252,SYNTHETIC_discharge_C0009252_en.txt,en,0.95,False,,3,K35.8,2025-05-06,True
C0014986,SYNTHETIC_discharge_C0014986_ar.txt,ar,0.95,False,,3,Z38.0,2026-08-04,True
C0013340,SYNTHETIC_discharge_C0013340_en.txt,en,0.95,False,,5,N18.5,2026-04-05,True
C0020760,SYNTHETIC_discharge_C0020760_en.txt,en,0.95,False,,3,J45.9,2027-12-12,True
C0001223,SYNTHETIC_discharge_C0001223_en.txt,en,0.95,False,,4,N18.5,2023-05-07,True
C0005330,SYNTHETIC_discharge_C0005330_ar.txt,ar,0.95,False,,2,J45.9,2024-05-11,True
C0011570,SYNTHETIC_discharge_C0011570_ar.txt,ar,0.95,False,,4,N18.5,2025-11-24,True
C0010721,SYNTHETIC_discharge_C0010721_ar.txt,ar,0.47,False,,3,N39.0,2025-09-20,True
C0002355,SYNTHETIC_discharge_C0002355_ar.txt,ar,0.95,False,,2,O80,2023-08-17,True
C0011776,SYNTHETIC_discharge_C0011776_en.txt,en,0.95,False,,2,I10,2025-12-06,True
C0011402,SYNTHETIC_discharge_C0011402_en.txt,en,0.63,False,,3,J45.9,2025-11-17,True
C0003684,SYNTHETIC_discharge_C0003684_en.txt,en,0.64,False,,6,C50.9,2023-12-21,True
C0013892,SYNTHETIC_discharge_C0013892_en.txt,en,0.95,False,,3,O80,2026-05-09,True
C0001690,SYNTHETIC_discharge_C0001690_en.txt,en,0.95,False,,2,B34.9,2023-06-21,True
C0011922,SYNTHETIC_discharge_C0011922_en.txt,en,0.95,False,,6,M17.1,2025-12-18,True
C0015988,SYNTHETIC_discharge_C0015988_en.txt,en,0.95,False,,2,D64.9,2026-11-06,True
C0007262,SYNTHETIC_discharge_C0007262_ar.txt,ar,0.95,False,,2,K80.2,2024-10-27,True
C0000771,SYNTHETIC_discharge_C0000771_en.txt,en,0.95,False,,3,T14.9,2023-03-27,True
C0006401,SYNTHETIC_discharge_C0006401_en.txt,en,0.95,False,,3,B34.9,2024-08-19,True
C0005716,SYNTHETIC_discharge_C0005716_en.txt,en,0.95,False,,2,T14.9,2024-06-16,True
C0018266,SYNTHETIC_discharge_C0018266_en.txt,en,0.95,False,,7,C50.9,2027-05-20,True
C0018746,SYNTHETIC_discharge_C0018746_ar.txt,ar,0.95,False,,3,E11.9,2027-06-30,True
C0004017,SYNTHETIC_discharge_C0004017_ar.txt,ar,0.95,False,,3,I10,2024-01-21,True
C0003175,SYNTHETIC_discharge_C0003175_en.txt,en,0.95,True,stay_length_conflict,1,A09,2023-11-06,True
C0005135,SYNTHETIC_discharge_C0005135_ar.txt,ar,0.95,False,,2,E11.9,2024-04-23,True
C0013855,SYNTHETIC_discharge_C0013855_ar.txt,ar,0.95,False,,3,O80,2026-05-09,True
C0013619,SYNTHETIC_discharge_C0013619_ar.txt,ar,0.95,False,,3,O80,2026-04-29,True
C0005301,SYNTHETIC_discharge_C0005301_en.txt,en,0.61,True,diagnosis_conflict,5,I10,2024-05-08,True
C0005843,SYNTHETIC_discharge_C0005843_en.txt,en,0.52,False,,6,J18.9,2024-06-29,True
C0019395,SYNTHETIC_discharge_C0019395_ar.txt,ar,0.95,False,,9,S72.0,2027-08-25,True
C0007604,SYNTHETIC_discharge_C0007604_en.txt,en,0.43,False,,3,T14.9,2024-12-01,True
C0006731,SYNTHETIC_discharge_C0006731_en.txt,en,0.95,False,,18,J45.9,2024-09-15,True
C0013063,SYNTHETIC_discharge_C0013063_en.txt,en,0.95,False,,3,L03.1,2026-03-20,True
C0016679,SYNTHETIC_discharge_C0016679_ar.txt,ar,0.95,False,,1,H25.1,2027-01-12,True
C0005288,SYNTHETIC_discharge_C0005288_en.txt,en,0.95,True,diagnosis_conflict,3,Z51.1,2024-05-07,True
C0002640,SYNTHETIC_discharge_C0002640_ar.txt,ar,0.95,False,,3,B34.9,2023-09-16,True
C0013844,SYNTHETIC_discharge_C0013844_en.txt,en,0.95,True,date_conflict,3,O80,2026-05-03,True
C0006317,SYNTHETIC_discharge_C0006317_en.txt,en,0.95,True,stay_length_conflict,1,I10,2024-08-11,True
C0013301,SYNTHETIC_discharge_C0013301_en.txt,en,0.95,False,,8,S72.0,2026-04-02,True
C0018012,SYNTHETIC_discharge_C0018012_ar.txt,ar,0.95,False,,5,N18.5,2027-04-23,True
C0016230,SYNTHETIC_discharge_C0016230_en.txt,en,0.68,False,,1,O80,2026-12-01,True
C0015712,SYNTHETIC_discharge_C0015712_en.txt,en,0.95,False,,2,B34.9,2026-10-14,True
C0002003,SYNTHETIC_discharge_C0002003_en.txt,en,0.95,False,,6,I50.9,2023-07-14,True
C0004933,SYNTHETIC_discharge_C0004933_en.txt,en,0.95,True,stay_length_conflict,10,K35.8,2024-04-04,True
C0016429,SYNTHETIC_discharge_C0016429_en.txt,en,0.95,False,,5,N18.5,2026-12-19,True
C0000604,SYNTHETIC_discharge_C0000604_en.txt,en,0.95,False,,3,K80.2,2023-03-12,True
C0007871,SYNTHETIC_discharge_C0007871_en.txt,en,0.95,True,date_conflict,8,R07.4,2025-01-03,True
C0004428,SYNTHETIC_discharge_C0004428_en.txt,en,0.95,False,,1,H25.1,2024-02-22,True
C0007534,SYNTHETIC_discharge_C0007534_en.txt,en,0.95,False,,2,O80,2024-11-23,True
C0016173,SYNTHETIC_discharge_C0016173_en.txt,en,0.95,False,,2,K35.8,2026-11-24,True
C0012399,SYNTHETIC_discharge_C0012399_en.txt,en,0.95,False,,7,M17.1,2026-01-30,True
C0017754,SYNTHETIC_discharge_C0017754_en.txt,en,0.95,False,,7,C50.9,2027-03-29,True
C0008637,SYNTHETIC_discharge_C0008637_ar.txt,ar,0.95,False,,8,I50.9,2025-03-19,True
C0004664,SYNTHETIC_discharge_C0004664_en.txt,en,0.95,False,,2,D64.9,2024-03-16,True
C0004057,SYNTHETIC_discharge_C0004057_en.txt,en,0.47,False,,5,L03.1,2024-01-26,True
C0007624,SYNTHETIC_discharge_C0007624_en.txt,en,0.95,False,,7,C50.9,2024-12-04,True
C0003879,SYNTHETIC_discharge_C0003879_en.txt,en,0.95,True,stay_length_conflict,1,Z51.1,2024-01-08,True
C0008908,SYNTHETIC_discharge_C0008908_en.txt,en,0.95,False,,2,Z38.0,2025-04-07,True
C0011843,SYNTHETIC_discharge_C0011843_en.txt,en,0.95,False,,3,Z38.0,2025-12-11,True
C0009534,SYNTHETIC_discharge_C0009534_en.txt,en,0.95,False,,2,G40.9,2025-06-02,True
C0017091,SYNTHETIC_discharge_C0017091_en.txt,en,0.95,False,,3,J45.9,2027-02-08,True
C0019602,SYNTHETIC_discharge_C0019602_ar.txt,ar,0.95,False,,3,D64.9,2027-09-08,True
C0020801,SYNTHETIC_discharge_C0020801_en.txt,en,0.67,False,,5,N18.5,2027-12-16,True
C0002301,SYNTHETIC_discharge_C0002301_ar.txt,ar,0.43,False,,7,I21.9,2023-08-11,True
C0013210,SYNTHETIC_discharge_C0013210_en.txt,en,0.95,False,,3,N18.5,2026-03-26,True
C0015844,SYNTHETIC_discharge_C0015844_en.txt,en,0.41,True,stay_length_conflict,17,S72.0,2026-10-25,True
C0018282,SYNTHETIC_discharge_C0018282_ar.txt,ar,0.95,False,,1,H25.1,2027-05-21,True
C0014126,SYNTHETIC_discharge_C0014126_ar.txt,ar,0.95,False,,1,R07.4,2026-05-31,True
C0003919,SYNTHETIC_discharge_C0003919_ar.txt,ar,0.95,False,,2,C50.9,2024-01-12,True
C0016340,SYNTHETIC_discharge_C0016340_en.txt,en,0.95,True,stay_length_conflict,1,M17.1,2026-12-10,True
C0009862,SYNTHETIC_discharge_C0009862_ar.txt,ar,0.95,True,date_conflict,5,J18.9,2025-06-17,True
C0016279,SYNTHETIC_discharge_C0016279_en.txt,en,0.95,False,,2,O80,2026-12-06,True
C0002300,SYNTHETIC_discharge_C0002300_en.txt,en,0.95,False,,3,L03.1,2023-08-11,True
C0013319,SYNTHETIC_discharge_C0013319_en.txt,en,0.95,False,,8,I21.9,2026-04-03,True
C0012059,SYNTHETIC_discharge_C0012059_ar.txt,ar,0.95,False,,3,K35.8,2025-12-31,True
C0001062,SYNTHETIC_discharge_C0001062_en.txt,en,0.95,False,,3,O80,2023-04-24,True
C0007401,SYNTHETIC_discharge_C0007401_en.txt,en,0.95,False,,2,B34.9,2024-11-11,True
C0017812,SYNTHETIC_discharge_C0017812_ar.txt,ar,0.95,False,,3,B34.9,2027-04-04,True
C0008434,SYNTHETIC_discharge_C0008434_en.txt,en,0.62,False,,1,R07.4,2025-02-27,True
C0001172,SYNTHETIC_discharge_C0001172_en.txt,en,0.95,False,,2,A09,2023-05-03,True
C0007350,SYNTHETIC_discharge_C0007350_en.txt,en,0.95,True,stay_length_conflict,13,D64.9,2024-11-05,True
C0011192,SYNTHETIC_discharge_C0011192_en.txt,en,0.95,False,,2,D64.9,2025-11-05,True
C0015912,SYNTHETIC_discharge_C0015912_en.txt,en,0.95,False,,3,N39.0,2026-10-28,True
C0015169,SYNTHETIC_discharge_C0015169_ar.txt,ar,0.95,True,stay_length_conflict,1,N39.0,2026-08-20,True
C0017373,SYNTHETIC_discharge_C0017373_en.txt,en,0.95,False,,6,M17.1,2027-02-24,True
C0000500,SYNTHETIC_discharge_C0000500_en.txt,en,0.95,False,,1,H25.1,2023-02-28,True
C0008207,SYNTHETIC_discharge_C0008207_ar.txt,ar,0.95,False,,2,J45.9,2025-02-04,True
C0007812,SYNTHETIC_discharge_C0007812_en.txt,en,0.95,False,,2,R07.4,2024-12-23,True
C0011167,SYNTHETIC_discharge_C0011167_ar.txt,ar,0.95,False,,3,T14.9,2025-11-02,True
C0005705,SYNTHETIC_discharge_C0005705_en.txt,en,0.49,False,,3,N18.5,2024-06-15,True
C0002048,SYNTHETIC_discharge_C0002048_ar.txt,ar,0.95,False,,4,K80.2,2023-07-19,True
C0002156,SYNTHETIC_discharge_C0002156_en.txt,en,0.95,False,,1,H25.1,2023-07-30,True
C0002780,SYNTHETIC_discharge_C0002780_ar.txt,ar,0.95,True,stay_length_conflict,12,Z38.0,2023-09-30,True
C0001351,SYNTHETIC_discharge_C0001351_en.txt,en,0.95,False,,1,R07.4,2023-05-19,True
C0006756,SYNTHETIC_discharge_C0006756_ar.txt,ar,0.95,False,,3,G40.9,2024-09-17,True
C0009146,SYNTHETIC_discharge_C0009146_en.txt,en,0.95,False,,1,H25.1,2025-04-26,True
C0002328,SYNTHETIC_discharge_C0002328_ar.txt,ar,0.95,False,,1,A09,2023-08-15,True
C0017549,SYNTHETIC_discharge_C0017549_ar.txt,ar,0.95,False,,6,M17.1,2027-03-11,True
C0009419,SYNTHETIC_discharge_C0009419_ar.txt,ar,0.95,False,,3,I21.9,2025-05-20,True
C0018890,SYNTHETIC_discharge_C0018890_en.txt,en,0.95,False,,1,H25.1,2027-07-12,True
C0007314,SYNTHETIC_discharge_C0007314_en.txt,en,0.95,False,,3,O80,2024-11-02,True
C0018063,SYNTHETIC_discharge_C0018063_en.txt,en,0.95,False,,6,I50.9,2027-04-29,True
C0012547,SYNTHETIC_discharge_C0012547_en.txt,en,0.95,False,,2,N39.0,2026-02-11,True
C0004065,SYNTHETIC_discharge_C0004065_en.txt,en,0.95,False,,4,L03.1,2024-01-26,True
C0013615,SYNTHETIC_discharge_C0013615_en.txt,en,0.95,False,,3,Z38.0,2026-04-28,True
C0020856,SYNTHETIC_discharge_C0020856_en.txt,en,0.5,False,,6,I21.9,2027-12-25,True
C0016595,SYNTHETIC_discharge_C0016595_ar.txt,ar,0.95,False,,3,B34.9,2027-01-04,True
C0014351,SYNTHETIC_discharge_C0014351_en.txt,en,0.95,True,stay_length_conflict,13,H25.1,2026-06-18,True
C0017793,SYNTHETIC_discharge_C0017793_ar.txt,ar,0.95,False,,2,Z51.1,2027-04-03,True
C0009048,SYNTHETIC_discharge_C0009048_en.txt,en,0.95,False,,9,S72.0,2025-04-20,True
C0015544,SYNTHETIC_discharge_C0015544_en.txt,en,0.95,False,,2,T14.9,2026-09-26,True
C0000563,SYNTHETIC_discharge_C0000563_ar.txt,ar,0.95,False,,3,K80.2,2023-03-08,True
C0002830,SYNTHETIC_discharge_C0002830_en.txt,en,0.95,False,,3,Z38.0,2023-10-05,True
C0000981,SYNTHETIC_discharge_C0000981_en.txt,en,0.95,False,,3,G40.9,2023-04-17,True
C0012666,SYNTHETIC_discharge_C0012666_ar.txt,ar,0.66,False,,10,S72.0,2026-02-21,True
C0018783,SYNTHETIC_discharge_C0018783_en.txt,en,0.95,False,,4,L03.1,2027-07-03,True
C0019351,SYNTHETIC_discharge_C0019351_ar.txt,ar,0.95,True,stay_length_conflict,1,O80,2027-08-23,True
C0016639,SYNTHETIC_discharge_C0016639_en.txt,en,0.95,False,,7,M17.1,2027-01-06,True
C0013047,SYNTHETIC_discharge_C0013047_ar.txt,ar,0.95,False,,3,L03.1,2026-03-20,True
C0013842,SYNTHETIC_discharge_C0013842_en.txt,en,0.95,True,diagnosis_conflict,3,J18.9,2026-05-09,True
C0005104,SYNTHETIC_discharge_C0005104_en.txt,en,0.56,False,,1,B34.9,2024-04-21,True
C0001704,SYNTHETIC_discharge_C0001704_en.txt,en,0.95,False,,2,H25.1,2023-06-23,True
C0009758,SYNTHETIC_discharge_C0009758_en.txt,en,0.95,False,,4,E11.9,2025-06-20,True
C0004451,SYNTHETIC_discharge_C0004451_en.txt,en,0.95,False,,1,O80,2024-02-25,True
C0005460,SYNTHETIC_discharge_C0005460_ar.txt,ar,0.95,False,,7,C50.9,2024-05-22,True
C0009446,SYNTHETIC_discharge_C0009446_ar.txt,ar,0.46,False,,7,I50.9,2025-05-23,True
C0005722,SYNTHETIC_discharge_C0005722_en.txt,en,0.95,True,stay_length_conflict,1,D64.9,2024-06-17,True
C0004410,SYNTHETIC_discharge_C0004410_en.txt,en,0.95,False,,5,I50.9,2024-02-21,True
C0015002,SYNTHETIC_discharge_C0015002_en.txt,en,0.62,False,,3,O80,2026-08-06,True
C0001216,SYNTHETIC_discharge_C0001216_ar.txt,ar,0.95,False,,2,I10,2023-05-07,True
C0017891,SYNTHETIC_discharge_C0017891_en.txt,en,0.95,False,,2,L03.1,2027-04-11,True
C0008906,SYNTHETIC_discharge_C0008906_en.txt,en,0.95,False,,5,I21.9,2025-04-07,True
C0009389,SYNTHETIC_discharge_C0009389_ar.txt,ar,0.95,False,,1,Z51.1,2025-05-19,True
C0020351,SYNTHETIC_discharge_C0020351_en.txt,en,0.95,False,,4,L03.1,2027-11-04,True
C0013442,SYNTHETIC_discharge_C0013442_en.txt,en,0.95,False,,2,Z51.1,2026-04-12,True
C0006160,SYNTHETIC_discharge_C0006160_ar.txt,ar,0.95,False,,2,N39.0,2024-07-28,True
C0007014,SYNTHETIC_discharge_C0007014_en.txt,en,0.95,False,,4,N18.5,2024-10-04,True
C0017112,SYNTHETIC_discharge_C0017112_ar.txt,ar,0.63,False,,3,J45.9,2027-02-08,True
C0010040,SYNTHETIC_discharge_C0010040_en.txt,en,0.95,False,,6,I50.9,2025-07-16,True
C0009498,SYNTHETIC_discharge_C0009498_en.txt,en,0.95,False,,4,K35.8,2025-05-29,True
C0000416,SYNTHETIC_discharge_C0000416_en.txt,en,0.95,False,,2,Z51.1,2023-02-18,True
C0016183,SYNTHETIC_discharge_C0016183_en.txt,en,0.95,False,,1,O80,2026-11-26,True
C0017672,SYNTHETIC_discharge_C0017672_en.txt,en,0.53,False,,6,M17.1,2027-03-23,True
C0014973,SYNTHETIC_discharge_C0014973_ar.txt,ar,0.58,False,,2,K80.2,2026-08-03,True
C0007446,SYNTHETIC_discharge_C0007446_en.txt,en,0.95,False,,3,G40.9,2024-11-15,True
C0019527,SYNTHETIC_discharge_C0019527_en.txt,en,0.43,False,,2,J45.9,2027-09-03,True
C0016309,SYNTHETIC_discharge_C0016309_en.txt,en,0.95,False,,7,C50.9,2026-12-08,True
C0019734,SYNTHETIC_discharge_C0019734_en.txt,en,0.95,True,diagnosis_conflict,1,A09,2027-09-20,True
C0001801,SYNTHETIC_discharge_C0001801_ar.txt,ar,0.95,False,,2,I10,2023-06-30,True
C0009859,SYNTHETIC_discharge_C0009859_ar.txt,ar,0.95,False,,4,I10,2025-06-27,True
C0009293,SYNTHETIC_discharge_C0009293_en.txt,en,0.95,False,,3,G40.9,2025-05-09,True
C0017944,SYNTHETIC_discharge_C0017944_en.txt,en,0.95,False,,3,G40.9,2027-04-17,True
C0020884,SYNTHETIC_discharge_C0020884_ar.txt,ar,0.95,False,,4,K80.2,2027-12-30,True
C0014083,SYNTHETIC_discharge_C0014083_en.txt,en,0.95,False,,1,B34.9,2026-05-27,True
C0016485,SYNTHETIC_discharge_C0016485_ar.txt,ar,0.95,False,,1,N39.0,2026-12-23,True
C0002940,SYNTHETIC_discharge_C0002940_ar.txt,ar,0.55,False,,1,Z51.1,2023-10-15,True
C0004271,SYNTHETIC_discharge_C0004271_en.txt,en,0.95,False,,2,J45.9,2024-02-10,True
C0002755,SYNTHETIC_discharge_C0002755_en.txt,en,0.63,False,,2,A09,2023-09-28,True
C0008364,SYNTHETIC_discharge_C0008364_ar.txt,ar,0.95,False,,8,I21.9,2025-02-20,True
C0013201,SYNTHETIC_discharge_C0013201_en.txt,en,0.48,False,,3,J45.9,2026-03-25,True
C0018319,SYNTHETIC_discharge_C0018319_en.txt,en,0.95,False,,6,I50.9,2027-05-25,True
C0018345,SYNTHETIC_discharge_C0018345_en.txt,en,0.95,False,,1,R07.4,2027-05-26,True
C0016459,SYNTHETIC_discharge_C0016459_ar.txt,ar,0.6,False,,4,K80.2,2026-12-21,True
C0008065,SYNTHETIC_discharge_C0008065_ar.txt,ar,0.65,False,,7,S72.0,2025-01-20,True
C0013694,SYNTHETIC_discharge_C0013694_en.txt,en,0.95,False,,2,J45.9,2026-05-06,True
C0004379,SYNTHETIC_discharge_C0004379_ar.txt,ar,0.95,True,date_conflict,5,E11.9,2024-02-22,True
C0004068,SYNTHETIC_discharge_C0004068_en.txt,en,0.67,True,date_conflict,3,K80.2,2024-02-07,True
C0007709,SYNTHETIC_discharge_C0007709_en.txt,en,0.42,False,,3,N18.5,2024-12-12,True
C0018620,SYNTHETIC_discharge_C0018620_en.txt,en,0.95,False,,1,Z51.1,2027-06-17,True
C0003618,SYNTHETIC_discharge_C0003618_en.txt,en,0.51,True,diagnosis_conflict,3,B34.9,2023-12-15,True
C0009577,SYNTHETIC_discharge_C0009577_en.txt,en,0.95,False,,5,N18.5,2025-06-05,True
C0000599,SYNTHETIC_discharge_C0000599_en.txt,en,0.95,True,date_conflict,4,E11.9,2023-03-06,True
C0004075,SYNTHETIC_discharge_C0004075_en.txt,en,0.53,False,,2,J45.9,2024-01-27,True
C0010750,SYNTHETIC_discharge_C0010750_ar.txt,ar,0.95,True,diagnosis_conflict,4,J18.9,2025-09-23,True
C0014064,SYNTHETIC_discharge_C0014064_en.txt,en,0.95,False,,2,T14.9,2026-05-25,True
C0016727,SYNTHETIC_discharge_C0016727_en.txt,en,0.95,False,,1,I10,2027-01-16,True
C0005054,SYNTHETIC_discharge_C0005054_en.txt,en,0.55,False,,2,N39.0,2024-04-16,True
C0014691,SYNTHETIC_discharge_C0014691_ar.txt,ar,0.95,False,,6,I50.9,2026-07-11,True
C0017637,SYNTHETIC_discharge_C0017637_en.txt,en,0.95,False,,2,Z38.0,2027-03-20,True
C0000561,SYNTHETIC_discharge_C0000561_en.txt,en,0.95,False,,1,B34.9,2023-03-08,True
C0016673,SYNTHETIC_discharge_C0016673_en.txt,en,0.95,False,,3,N18.5,2027-01-11,True
C0019158,SYNTHETIC_discharge_C0019158_en.txt,en,0.95,False,,3,B34.9,2027-08-03,True
C0020446,SYNTHETIC_discharge_C0020446_ar.txt,ar,0.95,False,,1,D64.9,2027-11-12,True
C0017918,SYNTHETIC_discharge_C0017918_en.txt,en,0.95,False,,9,S72.0,2027-04-13,True
C0003852,SYNTHETIC_discharge_C0003852_en.txt,en,0.95,False,,1,D64.9,2024-01-04,True
C0011386,SYNTHETIC_discharge_C0011386_en.txt,en,0.95,False,,3,J45.9,2025-11-17,True
C0016975,SYNTHETIC_discharge_C0016975_ar.txt,ar,0.46,False,,3,J45.9,2027-02-08,True
C0009469,SYNTHETIC_discharge_C0009469_en.txt,en,0.95,False,,2,R07.4,2025-05-26,True
C0004248,SYNTHETIC_discharge_C0004248_en.txt,en,0.95,False,,3,N39.0,2024-02-08,True
C0017933,SYNTHETIC_discharge_C0017933_en.txt,en,0.45,False,,4,L03.1,2027-04-15,True
C0016035,SYNTHETIC_discharge_C0016035_ar.txt,ar,0.95,False,,5,M17.1,2026-11-09,True
C0015096,SYNTHETIC_discharge_C0015096_en.txt,en,0.95,False,,7,S72.0,2026-08-14,True
C0004704,SYNTHETIC_discharge_C0004704_en.txt,en,0.95,False,,2,Z38.0,2024-03-19,True
C0004321,SYNTHETIC_discharge_C0004321_en.txt,en,0.95,False,,5,N18.5,2024-02-13,True
C0000660,SYNTHETIC_discharge_C0000660_en.txt,en,0.95,False,,2,I10,2023-03-15,True
C0005049,SYNTHETIC_discharge_C0005049_en.txt,en,0.95,False,,5,M17.1,2024-04-16,True
C0001316,SYNTHETIC_discharge_C0001316_en.txt,en,0.95,False,,7,C50.9,2023-05-15,True
C0015379,SYNTHETIC_discharge_C0015379_ar.txt,ar,0.95,False,,1,D64.9,2026-09-11,True
C0005413,SYNTHETIC_discharge_C0005413_en.txt,en,0.95,False,,3,J45.9,2024-05-18,True
C0008040,SYNTHETIC_discharge_C0008040_en.txt,en,0.95,False,,6,I50.9,2025-01-17,True
C0000839,SYNTHETIC_discharge_C0000839_en.txt,en,0.43,False,,3,E11.9,2023-04-03,True
C0000593,SYNTHETIC_discharge_C0000593_en.txt,en,0.95,False,,2,D64.9,2023-03-12,True
C0006642,SYNTHETIC_discharge_C0006642_en.txt,en,0.43,False,,5,L03.1,2024-09-09,True
C0015280,SYNTHETIC_discharge_C0015280_ar.txt,ar,0.95,False,,7,M17.1,2026-09-02,True
C0010369,SYNTHETIC_discharge_C0010369_en.txt,en,0.95,False,,5,N18.5,2025-08-16,True
C0012507,SYNTHETIC_discharge_C0012507_en.txt,en,0.95,True,date_conflict,6,M17.1,2026-02-03,True
C0003061,SYNTHETIC_discharge_C0003061_en.txt,en,0.95,False,,3,Z38.0,2023-10-27,True
C0017215,SYNTHETIC_discharge_C0017215_en.txt,en,0.95,False,,18,M17.1,2027-02-13,True
C0016449,SYNTHETIC_discharge_C0016449_en.txt,en,0.95,False,,12,N18.5,2026-12-20,True
C0009612,SYNTHETIC_discharge_C0009612_en.txt,en,0.95,False,,3,O80,2025-06-07,True
C0008069,SYNTHETIC_discharge_C0008069_en.txt,en,0.52,False,,2,A09,2025-01-20,True
C0013861,SYNTHETIC_discharge_C0013861_en.txt,en,0.95,False,,3,O80,2026-05-09,True
C0013704,SYNTHETIC_discharge_C0013704_ar.txt,ar,0.95,False,,4,G40.9,2026-05-07,True
C0007113,SYNTHETIC_discharge_C0007113_en.txt,en,0.42,False,,2,I10,2024-10-14,True
C0010287,SYNTHETIC_discharge_C0010287_en.txt,en,0.56,False,,2,J45.9,2025-08-08,True
C0019842,SYNTHETIC_discharge_C0019842_en.txt,en,0.57,True,date_conflict,5,J18.9,2027-10-10,True
C0000422,SYNTHETIC_discharge_C0000422_en.txt,en,0.95,False,,7,M17.1,2023-02-19,True
C0020458,SYNTHETIC_discharge_C0020458_en.txt,en,0.95,False,,2,D64.9,2027-11-13,True
C0015390,SYNTHETIC_discharge_C0015390_en.txt,en,0.95,False,,4,L03.1,2026-09-12,True
C0009521,SYNTHETIC_discharge_C0009521_en.txt,en,0.95,False,,7,C50.9,2025-06-01,True
C0014134,SYNTHETIC_discharge_C0014134_en.txt,en,0.95,False,,3,K35.8,2026-05-31,True
C0008270,SYNTHETIC_discharge_C0008270_en.txt,en,0.95,False,,5,N18.5,2025-02-11,True
C0011775,SYNTHETIC_discharge_C0011775_en.txt,en,0.95,False,,3,D64.9,2025-12-05,True
C0007022,SYNTHETIC_discharge_C0007022_en.txt,en,0.66,False,,2,C50.9,2024-10-05,True
C0008533,SYNTHETIC_discharge_C0008533_en.txt,en,0.95,False,,8,S72.0,2025-03-07,True
C0000233,SYNTHETIC_discharge_C0000233_en.txt,en,0.95,False,,4,L03.1,2023-01-27,True
C0002298,SYNTHETIC_discharge_C0002298_ar.txt,ar,0.95,False,,1,T14.9,2023-08-11,True
C0009060,SYNTHETIC_discharge_C0009060_en.txt,en,0.95,False,,3,E11.9,2025-04-21,True
C0008757,SYNTHETIC_discharge_C0008757_en.txt,en,0.95,False,,2,B34.9,2025-03-27,True
C0005941,SYNTHETIC_discharge_C0005941_en.txt,en,0.95,False,,6,C50.9,2024-07-08,True
C0019232,SYNTHETIC_discharge_C0019232_en.txt,en,0.55,False,,2,R07.4,2027-08-12,True
C0018896,SYNTHETIC_discharge_C0018896_en.txt,en,0.95,False,,2,B34.9,2027-07-12,True
C0019237,SYNTHETIC_discharge_C0019237_en.txt,en,0.5,True,stay_length_conflict,1,A09,2027-08-13,True
C0013481,SYNTHETIC_discharge_C0013481_en.txt,en,0.95,False,,2,I10,2026-04-14,True
C0008213,SYNTHETIC_discharge_C0008213_en.txt,en,0.95,False,,7,C50.9,2025-02-04,True
C0001531,SYNTHETIC_discharge_C0001531_ar.txt,ar,0.95,False,,7,M17.1,2023-06-06,True
C0004254,SYNTHETIC_discharge_C0004254_en.txt,en,0.95,False,,3,Z38.0,2024-02-09,True
C0017445,SYNTHETIC_discharge_C0017445_en.txt,en,0.95,False,,4,K35.8,2027-03-04,True
C0007686,SYNTHETIC_discharge_C0007686_en.txt,en,0.95,False,,3,G40.9,2024-12-11,True
C0005476,SYNTHETIC_discharge_C0005476_ar.txt,ar,0.95,False,,1,R07.4,2024-05-23,True
C0006359,SYNTHETIC_discharge_C0006359_en.txt,en,0.95,False,,2,C50.9,2024-08-15,True
C0006691,SYNTHETIC_discharge_C0006691_en.txt,en,0.95,True,stay_length_conflict,25,J18.9,2024-09-12,True
C0014025,SYNTHETIC_discharge_C0014025_en.txt,en,0.95,False,,5,J18.9,2026-05-21,True
C0020725,SYNTHETIC_discharge_C0020725_ar.txt,ar,0.49,False,,2,N39.0,2027-12-09,True
C0009932,SYNTHETIC_discharge_C0009932_en.txt,en,0.95,False,,5,N18.5,2025-07-06,True
C0008417,SYNTHETIC_discharge_C0008417_ar.txt,ar,0.56,False,,4,G40.9,2025-02-26,True
C0013919,SYNTHETIC_discharge_C0013919_ar.txt,ar,0.95,False,,3,O80,2026-05-09,True
C0001027,SYNTHETIC_discharge_C0001027_en.txt,en,0.95,False,,1,T14.9,2023-04-21,True
C0010048,SYNTHETIC_discharge_C0010048_ar.txt,ar,0.95,True,date_conflict,2,Z38.0,2025-07-05,True
C0013295,SYNTHETIC_discharge_C0013295_en.txt,en,0.95,False,,8,C50.9,2026-04-02,True
C0000855,SYNTHETIC_discharge_C0000855_ar.txt,ar,0.95,False,,6,I50.9,2023-04-04,True
C0001871,SYNTHETIC_discharge_C0001871_ar.txt,ar,0.95,False,,2,I10,2023-07-03,True
C0000386,SYNTHETIC_discharge_C0000386_en.txt,en,0.95,False,,3,E11.9,2023-02-15,True
C0018443,SYNTHETIC_discharge_C0018443_ar.txt,ar,0.95,False,,4,G40.9,2027-06-03,True
C0020715,SYNTHETIC_discharge_C0020715_en.txt,en,0.95,False,,3,E11.9,2027-12-09,True
C0007297,SYNTHETIC_discharge_C0007297_en.txt,en,0.95,False,,3,O80,2024-10-30,True
C0003022,SYNTHETIC_discharge_C0003022_ar.txt,ar,0.95,False,,2,Z51.1,2023-10-23,True
C0011832,SYNTHETIC_discharge_C0011832_en.txt,en,0.95,False,,1,D64.9,2025-12-10,True
C0010030,SYNTHETIC_discharge_C0010030_en.txt,en,0.46,True,diagnosis_conflict,8,K80.2,2025-07-15,True
C0016240,SYNTHETIC_discharge_C0016240_ar.txt,ar,0.95,False,,3,I10,2026-12-02,True
C0014923,SYNTHETIC_discharge_C0014923_en.txt,en,0.95,False,,1,R07.4,2026-07-30,True
C0008854,SYNTHETIC_discharge_C0008854_ar.txt,ar,0.95,False,,1,E11.9,2025-04-02,True
C0017753,SYNTHETIC_discharge_C0017753_ar.txt,ar,0.95,False,,3,D64.9,2027-03-29,True
C0004862,SYNTHETIC_discharge_C0004862_en.txt,en,0.95,False,,1,Z38.0,2024-03-30,True
C0020527,SYNTHETIC_discharge_C0020527_ar.txt,ar,0.95,True,date_conflict,2,B34.9,2027-11-12,True
C0001242,SYNTHETIC_discharge_C0001242_en.txt,en,0.41,False,,5,L03.1,2023-05-10,True
C0007395,SYNTHETIC_discharge_C0007395_en.txt,en,0.95,False,,2,T14.9,2024-11-10,True
C0001809,SYNTHETIC_discharge_C0001809_en.txt,en,0.95,False,,2,J45.9,2023-06-30,True
C0000877,SYNTHETIC_discharge_C0000877_en.txt,en,0.95,False,,5,J18.9,2023-04-06,True
C0010075,SYNTHETIC_discharge_C0010075_en.txt,en,0.62,False,,7,C50.9,2025-07-19,True
C0000247,SYNTHETIC_discharge_C0000247_ar.txt,ar,0.95,False,,4,L03.1,2023-01-29,True
C0013188,SYNTHETIC_discharge_C0013188_en.txt,en,0.95,False,,3,K80.2,2026-03-25,True
C0014042,SYNTHETIC_discharge_C0014042_en.txt,en,0.95,False,,4,I10,2026-05-22,True
C0016842,SYNTHETIC_discharge_C0016842_ar.txt,ar,0.95,False,,7,I50.9,2027-01-30,True
C0016328,SYNTHETIC_discharge_C0016328_en.txt,en,0.54,False,,3,K35.8,2026-12-09,True
C0000849,SYNTHETIC_discharge_C0000849_en.txt,en,0.95,False,,4,G40.9,2023-04-04,True
C0015357,SYNTHETIC_discharge_C0015357_en.txt,en,0.95,False,,2,R07.4,2026-09-09,True
C0010654,SYNTHETIC_discharge_C0010654_ar.txt,ar,0.95,False,,2,R07.4,2025-09-13,True
C0016824,SYNTHETIC_discharge_C0016824_ar.txt,ar,0.95,False,,3,K80.2,2027-01-28,True
C0001197,SYNTHETIC_discharge_C0001197_en.txt,en,0.95,False,,1,Z51.1,2023-05-05,True
C0007181,SYNTHETIC_discharge_C0007181_en.txt,en,0.95,False,,3,Z51.1,2024-10-20,True
C0018818,SYNTHETIC_discharge_C0018818_en.txt,en,0.51,False,,4,D64.9,2027-07-07,True
C0015030,SYNTHETIC_discharge_C0015030_en.txt,en,0.95,False,,5,M17.1,2026-08-07,True
C0013834,SYNTHETIC_discharge_C0013834_en.txt,en,0.47,False,,3,O80,2026-05-09,True
C0017632,SYNTHETIC_discharge_C0017632_en.txt,en,0.67,False,,7,I21.9,2027-03-20,True
C0001438,SYNTHETIC_discharge_C0001438_ar.txt,ar,0.95,False,,4,G40.9,2023-05-27,True
C0009813,SYNTHETIC_discharge_C0009813_ar.txt,ar,0.95,False,,4,J18.9,2025-06-24,True
C0006736,SYNTHETIC_discharge_C0006736_en.txt,en,0.95,False,,3,C50.9,2024-09-15,True
C0007610,SYNTHETIC_discharge_C0007610_en.txt,en,0.95,False,,7,M17.1,2024-12-02,True
C0011903,SYNTHETIC_discharge_C0011903_en.txt,en,0.95,False,,2,T14.9,2025-12-17,True
C0006133,SYNTHETIC_discharge_C0006133_en.txt,en,0.95,True,stay_length_conflict,11,T14.9,2024-07-25,True
C0001235,SYNTHETIC_discharge_C0001235_ar.txt,ar,0.6,False,,1,A09,2023-05-08,True
C0013746,SYNTHETIC_discharge_C0013746_en.txt,en,0.95,False,,3,O80,2026-05-09,True
C0007485,SYNTHETIC_discharge_C0007485_ar.txt,ar,0.68,True,stay_length_conflict,10,K80.2,2024-11-18,True
C0003665,SYNTHETIC_discharge_C0003665_en.txt,en,0.55,False,,2,T14.9,2023-12-19,True
C0014688,SYNTHETIC_discharge_C0014688_en.txt,en,0.95,True,diagnosis_conflict,2,I50.9,2026-07-10,True
C0015903,SYNTHETIC_discharge_C0015903_en.txt,en,0.95,False,,4,Z38.0,2026-10-28,True
C0007688,SYNTHETIC_discharge_C0007688_ar.txt,ar,0.95,False,,2,T14.9,2024-12-11,True
C0011091,SYNTHETIC_discharge_C0011091_en.txt,en,0.95,False,,1,D64.9,2025-10-26,True
C0009760,SYNTHETIC_discharge_C0009760_ar.txt,ar,0.95,False,,7,C50.9,2025-06-20,True
C0010186,SYNTHETIC_discharge_C0010186_ar.txt,ar,0.95,False,,8,S72.0,2025-07-30,True
C0014777,SYNTHETIC_discharge_C0014777_ar.txt,ar,0.95,False,,2,G40.9,2026-07-17,True
C0003816,SYNTHETIC_discharge_C0003816_en.txt,en,0.48,False,,2,J45.9,2024-01-02,True
C0018915,SYNTHETIC_discharge_C0018915_ar.txt,ar,0.95,False,,9,S72.0,2027-07-13,True
C0016472,SYNTHETIC_discharge_C0016472_en.txt,en,0.62,False,,2,R07.4,2026-12-22,True
C0014096,SYNTHETIC_discharge_C0014096_ar.txt,ar,0.95,False,,2,J45.9,2026-05-28,True
C0014972,SYNTHETIC_discharge_C0014972_en.txt,en,0.95,False,,3,O80,2026-08-03,True
C0010859,SYNTHETIC_discharge_C0010859_ar.txt,ar,0.95,False,,9,S72.0,2025-10-01,True
C0002687,SYNTHETIC_discharge_C0002687_en.txt,en,0.95,False,,2,B34.9,2023-09-23,True
C0014535,SYNTHETIC_discharge_C0014535_en.txt,en,0.95,False,,3,K35.8,2026-07-02,True
C0013430,SYNTHETIC_discharge_C0013430_en.txt,en,0.95,False,,6,I50.9,2026-04-12,True
C0002122,SYNTHETIC_discharge_C0002122_en.txt,en,0.95,False,,1,H25.1,2023-07-26,True
C0010853,SYNTHETIC_discharge_C0010853_en.txt,en,0.95,False,,3,Z38.0,2025-10-01,True
C0001249,SYNTHETIC_discharge_C0001249_ar.txt,ar,0.95,False,,3,B34.9,2023-05-11,True
C0008388,SYNTHETIC_discharge_C0008388_en.txt,en,0.95,False,,2,N39.0,2025-02-22,True
C0018871,SYNTHETIC_discharge_C0018871_ar.txt,ar,0.55,False,,4,E11.9,2027-07-11,True
C0015522,SYNTHETIC_discharge_C0015522_en.txt,en,0.95,False,,9,S72.0,2026-09-24,True
C0016424,SYNTHETIC_discharge_C0016424_en.txt,en,0.42,False,,5,N18.5,2026-12-19,True
C0007445,SYNTHETIC_discharge_C0007445_en.txt,en,0.95,False,,1,H25.1,2024-11-15,True
C0017072,SYNTHETIC_discharge_C0017072_en.txt,en,0.95,True,date_conflict,3,J45.9,2027-01-28,True
C0012511,SYNTHETIC_discharge_C0012511_en.txt,en,0.95,True,diagnosis_conflict,3,T14.9,2026-02-09,True
C0019856,SYNTHETIC_discharge_C0019856_ar.txt,ar,0.95,False,,2,T14.9,2027-09-30,True
C0011338,SYNTHETIC_discharge_C0011338_ar.txt,ar,0.95,True,date_conflict,5,I21.9,2025-11-11,True
C0000679,SYNTHETIC_discharge_C0000679_en.txt,en,0.95,False,,1,D64.9,2023-03-18,True
C0010207,SYNTHETIC_discharge_C0010207_en.txt,en,0.95,False,,3,B34.9,2025-08-01,True
C0018415,SYNTHETIC_discharge_C0018415_ar.txt,ar,0.95,False,,4,M17.1,2027-06-01,True
C0002798,SYNTHETIC_discharge_C0002798_en.txt,en,0.95,False,,7,M17.1,2023-10-02,True
C0020538,SYNTHETIC_discharge_C0020538_en.txt,en,0.95,False,,7,I21.9,2027-11-19,True
C0008671,SYNTHETIC_discharge_C0008671_en.txt,en,0.95,False,,7,I21.9,2025-03-21,True
C0017639,SYNTHETIC_discharge_C0017639_en.txt,en,0.95,False,,1,B34.9,2027-03-20,True
C0007209,SYNTHETIC_discharge_C0007209_ar.txt,ar,0.95,False,,3,G40.9,2024-10-22,True
C0015687,SYNTHETIC_discharge_C0015687_en.txt,en,0.95,False,,1,A09,2026-10-11,True
C0012268,SYNTHETIC_discharge_C0012268_ar.txt,ar,0.56,False,,5,K80.2,2026-01-18,True
C0005236,SYNTHETIC_discharge_C0005236_en.txt,en,0.45,True,diagnosis_conflict,3,I10,2024-05-02,True
C0019401,SYNTHETIC_discharge_C0019401_ar.txt,ar,0.95,False,,1,H25.1,2027-08-25,True
C0018760,SYNTHETIC_discharge_C0018760_en.txt,en,0.66,False,,2,A09,2027-07-02,True
C0015180,SYNTHETIC_discharge_C0015180_en.txt,en,0.95,False,,1,O80,2026-08-21,True
C0014698,SYNTHETIC_discharge_C0014698_ar.txt,ar,0.43,False,,4,K80.2,2026-07-11,True
C0018614,SYNTHETIC_discharge_C0018614_en.txt,en,0.95,True,diagnosis_conflict,2,I50.9,2027-06-17,True
C0004310,SYNTHETIC_discharge_C0004310_ar.txt,ar,0.95,False,,14,J45.9,2024-02-12,True
C0018857,SYNTHETIC_discharge_C0018857_en.txt,en,0.95,False,,2,N39.0,2027-07-09,True
C0006098,SYNTHETIC_discharge_C0006098_ar.txt,ar,0.95,False,,2,I50.9,2024-07-22,True
C0010370,SYNTHETIC_discharge_C0010370_ar.txt,ar,0.95,False,,1,H25.1,2025-08-16,True
C0012917,SYNTHETIC_discharge_C0012917_en.txt,en,0.95,False,,3,K80.2,2026-03-17,True
C0011107,SYNTHETIC_discharge_C0011107_en.txt,en,0.95,False,,2,K35.8,2025-10-26,True
C0020830,SYNTHETIC_discharge_C0020830_en.txt,en,0.95,False,,2,A09,2027-12-18,True
C0002916,SYNTHETIC_discharge_C0002916_ar.txt,ar,0.95,False,,3,K80.2,2023-10-11,True
C0019275,SYNTHETIC_discharge_C0019275_en.txt,en,0.95,False,,3,N39.0,2027-08-16,True
C0007237,SYNTHETIC_discharge_C0007237_en.txt,en,0.95,False,,2,A09,2024-10-26,True
C0020406,SYNTHETIC_discharge_C0020406_ar.txt,ar,0.95,False,,2,K80.2,2027-11-09,True
C0010351,SYNTHETIC_discharge_C0010351_en.txt,en,0.95,False,,4,K80.2,2025-08-14,True
C0017299,SYNTHETIC_discharge_C0017299_en.txt,en,0.95,False,,2,J45.9,2027-02-19,True
C0001361,SYNTHETIC_discharge_C0001361_en.txt,en,0.49,False,,2,R07.4,2023-05-20,True
C0010821,SYNTHETIC_discharge_C0010821_en.txt,en,0.95,False,,5,J18.9,2025-09-29,True
C0017225,SYNTHETIC_discharge_C0017225_en.txt,en,0.95,False,,9,S72.0,2027-02-14,True
C0010498,SYNTHETIC_discharge_C0010498_en.txt,en,0.95,True,stay_length_conflict,12,K35.8,2025-08-28,True
C0009810,SYNTHETIC_discharge_C0009810_en.txt,en,0.95,False,,6,I50.9,2025-06-24,True
C0000964,SYNTHETIC_discharge_C0000964_en.txt,en,0.95,False,,4,Z38.0,2023-04-14,True
C0008070,SYNTHETIC_discharge_C0008070_en.txt,en,0.95,False,,2,Z51.1,2025-01-21,True
C0015568,SYNTHETIC_discharge_C0015568_en.txt,en,0.95,True,stay_length_conflict,11,I10,2026-09-28,True
C0005310,SYNTHETIC_discharge_C0005310_en.txt,en,0.95,False,,7,I21.9,2024-05-09,True
C0000663,SYNTHETIC_discharge_C0000663_en.txt,en,0.95,True,stay_length_conflict,16,K80.2,2023-03-16,True
C0018269,SYNTHETIC_discharge_C0018269_ar.txt,ar,0.95,False,,2,A09,2027-05-20,True
C0012972,SYNTHETIC_discharge_C0012972_en.txt,en,0.95,False,,3,L03.1,2026-03-20,True
C0013677,SYNTHETIC_discharge_C0013677_en.txt,en,0.95,False,,1,I10,2026-05-04,True
C0015353,SYNTHETIC_discharge_C0015353_en.txt,en,0.95,False,,2,I10,2026-09-08,True
C0013495,SYNTHETIC_discharge_C0013495_ar.txt,ar,0.41,False,,5,L03.1,2026-04-15,True
C0009049,SYNTHETIC_discharge_C0009049_ar.txt,ar,0.95,False,,17,L03.1,2025-04-20,True
C0011846,SYNTHETIC_discharge_C0011846_en.txt,en,0.95,True,stay_length_conflict,1,N18.5,2025-12-12,True
C0001736,SYNTHETIC_discharge_C0001736_en.txt,en,0.95,False,,2,Z38.0,2023-06-25,True
C0010587,SYNTHETIC_discharge_C0010587_ar.txt,ar,0.95,False,,4,N18.5,2025-09-07,True
C0004258,SYNTHETIC_discharge_C0004258_ar.txt,ar,0.95,True,stay_length_conflict,23,C50.9,2024-02-09,True
C0011668,SYNTHETIC_discharge_C0011668_ar.txt,ar,0.95,False,,5,J18.9,2025-11-30,True
C0006090,SYNTHETIC_discharge_C0006090_en.txt,en,0.46,False,,2,B34.9,2024-07-22,True
C0005361,SYNTHETIC_discharge_C0005361_ar.txt,ar,0.6,False,,2,B34.9,2024-05-13,True
C0019753,SYNTHETIC_discharge_C0019753_en.txt,en,0.95,False,,3,N39.0,2027-09-22,True
C0001938,SYNTHETIC_discharge_C0001938_en.txt,en,0.95,False,,1,R07.4,2023-07-07,True
C0002815,SYNTHETIC_discharge_C0002815_en.txt,en,0.64,False,,2,Z38.0,2023-10-04,True
C0005719,SYNTHETIC_discharge_C0005719_ar.txt,ar,0.95,False,,2,S72.0,2024-06-16,True
C0019944,SYNTHETIC_discharge_C0019944_en.txt,en,0.95,False,,1,R07.4,2027-10-09,True
C0015319,SYNTHETIC_discharge_C0015319_ar.txt,ar,0.95,False,,5,K80.2,2026-09-05,True
C0016734,SYNTHETIC_discharge_C0016734_ar.txt,ar,0.95,True,date_conflict,2,H25.1,2027-01-28,True
C0017575,SYNTHETIC_discharge_C0017575_en.txt,en,0.57,False,,5,I50.9,2027-03-13,True
C0019570,SYNTHETIC_discharge_C0019570_en.txt,en,0.95,False,,6,I21.9,2027-09-07,True
C0015874,SYNTHETIC_discharge_C0015874_en.txt,en,0.95,False,,6,N18.5,2026-10-27,True
C0013669,SYNTHETIC_discharge_C0013669_en.txt,en,0.51,False,,2,B34.9,2026-05-04,True
C0015600,SYNTHETIC_discharge_C0015600_ar.txt,ar,0.44,False,,2,G40.9,2026-10-02,True
C0004459,SYNTHETIC_discharge_C0004459_en.txt,en,0.95,False,,6,J18.9,2024-02-26,True
C0016189,SYNTHETIC_discharge_C0016189_en.txt,en,0.95,False,,3,O80,2026-11-27,True
C0018662,SYNTHETIC_discharge_C0018662_en.txt,en,0.95,False,,8,I21.9,2027-06-20,True
C0020116,SYNTHETIC_discharge_C0020116_en.txt,en,0.4,False,,4,K80.2,2027-10-29,True
C0011672,SYNTHETIC_discharge_C0011672_en.txt,en,0.48,False,,4,J18.9,2025-11-30,True
C0005474,SYNTHETIC_discharge_C0005474_en.txt,en,0.95,False,,6,J18.9,2024-05-23,True
C0013379,SYNTHETIC_discharge_C0013379_en.txt,en,0.58,False,,3,K80.2,2026-04-08,True
C0005385,SYNTHETIC_discharge_C0005385_en.txt,en,0.95,False,,3,J45.9,2024-05-16,True
C0006554,SYNTHETIC_discharge_C0006554_en.txt,en,0.95,False,,2,N39.0,2024-09-03,True
C0008817,SYNTHETIC_discharge_C0008817_en.txt,en,0.95,False,,1,A09,2025-03-31,True
C0020750,SYNTHETIC_discharge_C0020750_en.txt,en,0.95,False,,4,N18.5,2027-12-12,True
C0001890,SYNTHETIC_discharge_C0001890_ar.txt,ar,0.95,False,,2,H25.1,2023-07-04,True
C0020780,SYNTHETIC_discharge_C0020780_en.txt,en,0.95,False,,4,L03.1,2027-12-14,True
C0001016,SYNTHETIC_discharge_C0001016_ar.txt,ar,0.95,False,,4,K80.2,2023-04-20,True
C0016723,SYNTHETIC_discharge_C0016723_en.txt,en,0.95,False,,2,A09,2027-01-15,True
C0004545,SYNTHETIC_discharge_C0004545_ar.txt,ar,0.95,True,stay_length_conflict,1,N39.0,2024-03-05,True
C0011234,SYNTHETIC_discharge_C0011234_en.txt,en,0.95,False,,3,K80.2,2025-11-08,True
C0015138,SYNTHETIC_discharge_C0015138_en.txt,en,0.95,True,date_conflict,1,H25.1,2026-08-06,True
C0006147,SYNTHETIC_discharge_C0006147_en.txt,en,0.95,False,,2,H25.1,2024-07-26,True
C0009020,SYNTHETIC_discharge_C0009020_ar.txt,ar,0.95,False,,4,K35.8,2025-04-17,True
C0013976,SYNTHETIC_discharge_C0013976_en.txt,en,0.95,False,,4,L03.1,2026-05-16,True
C0004982,SYNTHETIC_discharge_C0004982_en.txt,en,0.95,False,,3,R07.4,2024-04-09,True
C0006836,SYNTHETIC_discharge_C0006836_ar.txt,ar,0.95,False,,2,G40.9,2024-09-21,True
C0008007,SYNTHETIC_discharge_C0008007_ar.txt,ar,0.95,False,,3,I10,2025-01-13,True
C0003216,SYNTHETIC_discharge_C0003216_en.txt,en,0.95,False,,1,R07.4,2023-11-10,True
C0009362,SYNTHETIC_discharge_C0009362_en.txt,en,0.95,False,,7,I21.9,2025-05-16,True
C0016601,SYNTHETIC_discharge_C0016601_en.txt,en,0.95,False,,7,I21.9,2027-01-05,True
C0011093,SYNTHETIC_discharge_C0011093_en.txt,en,0.95,False,,4,K35.8,2025-10-26,True
C0016509,SYNTHETIC_discharge_C0016509_ar.txt,ar,0.46,False,,3,G40.9,2026-12-26,True
C0005827,SYNTHETIC_discharge_C0005827_en.txt,en,0.95,False,,7,I50.9,2024-06-28,True
C0015728,SYNTHETIC_discharge_C0015728_en.txt,en,0.95,False,,9,S72.0,2026-10-16,True
C0001093,SYNTHETIC_discharge_C0001093_en.txt,en,0.95,False,,2,A09,2023-04-26,True
C0003443,SYNTHETIC_discharge_C0003443_en.txt,en,0.95,False,,11,S72.0,2023-11-29,True
C0017013,SYNTHETIC_discharge_C0017013_en.txt,en,0.95,False,,3,J45.9,2027-02-08,True
C0018542,SYNTHETIC_discharge_C0018542_en.txt,en,0.95,False,,3,I10,2027-06-12,True
C0006751,SYNTHETIC_discharge_C0006751_en.txt,en,0.95,False,,3,N39.0,2024-09-17,True
C0017680,SYNTHETIC_discharge_C0017680_en.txt,en,0.95,False,,6,C50.9,2027-03-24,True
C0017273,SYNTHETIC_discharge_C0017273_en.txt,en,0.95,False,,2,N39.0,2027-02-17,True
C0009992,SYNTHETIC_discharge_C0009992_en.txt,en,0.95,False,,1,T14.9,2025-07-11,True
C0015763,SYNTHETIC_discharge_C0015763_en.txt,en,0.95,False,,2,J45.9,2026-10-19,True
C0019182,SYNTHETIC_discharge_C0019182_en.txt,en,0.95,False,,2,N39.0,2027-08-05,True
C0012427,SYNTHETIC_discharge_C0012427_en.txt,en,0.95,False,,2,B34.9,2026-02-01,True
C0005537,SYNTHETIC_discharge_C0005537_en.txt,en,0.95,False,,2,Z38.0,2024-05-29,True
C0017594,SYNTHETIC_discharge_C0017594_en.txt,en,0.95,False,,2,Z51.1,2027-03-16,True
C0017342,SYNTHETIC_discharge_C0017342_en.txt,en,0.95,False,,2,T14.9,2027-02-22,True
C0011432,SYNTHETIC_discharge_C0011432_en.txt,en,0.52,False,,3,J45.9,2025-11-17,True
C0019578,SYNTHETIC_discharge_C0019578_en.txt,en,0.95,False,,4,N18.5,2027-09-07,True
C0018177,SYNTHETIC_discharge_C0018177_en.txt,en,0.95,False,,3,K35.8,2027-05-11,True
C0018267,SYNTHETIC_discharge_C0018267_en.txt,en,0.95,False,,4,K35.8,2027-05-20,True
C0001116,SYNTHETIC_discharge_C0001116_ar.txt,ar,0.95,False,,2,Z51.1,2023-04-28,True
C0014890,SYNTHETIC_discharge_C0014890_ar.txt,ar,0.95,False,,6,I50.9,2026-07-26,True
C0008143,SYNTHETIC_discharge_C0008143_en.txt,en,0.95,False,,3,C50.9,2025-01-27,True
C0004827,SYNTHETIC_discharge_C0004827_en.txt,en,0.95,False,,3,O80,2024-03-28,True
C0015088,SYNTHETIC_discharge_C0015088_ar.txt,ar,0.95,False,,7,J18.9,2026-08-13,True
C0000474,SYNTHETIC_discharge_C0000474_en.txt,en,0.95,True,diagnosis_conflict,2,I50.9,2023-02-24,True
C0016316,SYNTHETIC_discharge_C0016316_en.txt,en,0.95,False,,3,A09,2026-12-09,True
C0001997,SYNTHETIC_discharge_C0001997_en.txt,en,0.64,False,,6,M17.1,2023-07-13,True
C0004843,SYNTHETIC_discharge_C0004843_ar.txt,ar,0.95,True,stay_length_conflict,13,B34.9,2024-03-29,True
C0001454,SYNTHETIC_discharge_C0001454_en.txt,en,0.95,False,,2,N39.0,2023-05-28,True
C0020443,SYNTHETIC_discharge_C0020443_ar.txt,ar,0.95,False,,2,T14.9,2027-11-11,True
C0011901,SYNTHETIC_discharge_C0011901_en.txt,en,0.95,False,,6,M17.1,2025-12-17,True
C0006258,SYNTHETIC_discharge_C0006258_en.txt,en,0.95,False,,7,I21.9,2024-08-05,True
C0008915,SYNTHETIC_discharge_C0008915_ar.txt,ar,0.95,False,,2,I21.9,2025-04-08,True
C0019904,SYNTHETIC_discharge_C0019904_ar.txt,ar,0.95,False,,2,I10,2027-10-06,True
C0004742,SYNTHETIC_discharge_C0004742_en.txt,en,0.51,False,,6,M17.1,2024-03-24,True
C0001498,SYNTHETIC_discharge_C0001498_ar.txt,ar,0.95,False,,2,D64.9,2023-06-02,True
C0008884,SYNTHETIC_discharge_C0008884_ar.txt,ar,0.95,False,,4,L03.1,2025-04-06,True
C0010997,SYNTHETIC_discharge_C0010997_en.txt,en,0.95,False,,2,I10,2025-10-14,True
C0017966,SYNTHETIC_discharge_C0017966_en.txt,en,0.95,False,,7,S72.0,2027-04-19,True
C0011923,SYNTHETIC_discharge_C0011923_ar.txt,ar,0.95,False,,2,R07.4,2025-12-18,True
C0005264,SYNTHETIC_discharge_C0005264_ar.txt,ar,0.95,False,,3,B34.9,2024-05-05,True
C0004748,SYNTHETIC_discharge_C0004748_en.txt,en,0.95,False,,3,K80.2,2024-03-24,True
C0017189,SYNTHETIC_discharge_C0017189_en.txt,en,0.95,False,,6,I50.9,2027-02-12,True
C0014813,SYNTHETIC_discharge_C0014813_en.txt,en,0.95,False,,2,N39.0,2026-07-20,True
C0008644,SYNTHETIC_discharge_C0008644_ar.txt,ar,0.95,False,,3,I10,2025-03-19,True
C0017602,SYNTHETIC_discharge_C0017602_en.txt,en,0.95,False,,9,S72.0,2027-03-17,True
C0005110,SYNTHETIC_discharge_C0005110_en.txt,en,0.95,False,,2,K35.8,2024-04-22,True
C0006408,SYNTHETIC_discharge_C0006408_en.txt,en,0.95,False,,2,D64.9,2024-08-20,True
C0017295,SYNTHETIC_discharge_C0017295_en.txt,en,0.95,False,,2,K35.8,2027-02-18,True
C0002921,SYNTHETIC_discharge_C0002921_en.txt,en,0.95,False,,2,K35.8,2023-10-12,True
C0008240,SYNTHETIC_discharge_C0008240_ar.txt,ar,0.95,False,,3,N39.0,2025-02-09,True
C0008795,SYNTHETIC_discharge_C0008795_en.txt,en,0.95,False,,1,R07.4,2025-03-29,True
C0013304,SYNTHETIC_discharge_C0013304_ar.txt,ar,0.95,False,,4,L03.1,2026-04-03,True
C0018870,SYNTHETIC_discharge_C0018870_ar.txt,ar,0.95,True,stay_length_conflict,15,G40.9,2027-07-11,True
C0007685,SYNTHETIC_discharge_C0007685_en.txt,en,0.53,False,,1,O80,2024-12-11,True
C0012462,SYNTHETIC_discharge_C0012462_en.txt,en,0.59,True,date_conflict,2,A09,2026-01-29,True
C0012496,SYNTHETIC_discharge_C0012496_en.txt,en,0.95,True,stay_length_conflict,10,E11.9,2026-02-08,True
C0009988,SYNTHETIC_discharge_C0009988_en.txt,en,0.59,False,,10,S72.0,2025-07-11,True
C0019478,SYNTHETIC_discharge_C0019478_ar.txt,ar,0.44,False,,13,I21.9,2027-08-30,True
C0014043,SYNTHETIC_discharge_C0014043_en.txt,en,0.95,False,,2,Z38.0,2026-05-22,True
C0019492,SYNTHETIC_discharge_C0019492_en.txt,en,0.47,False,,18,A09,2027-08-31,True
C0003641,SYNTHETIC_discharge_C0003641_en.txt,en,0.95,False,,3,N39.0,2023-12-16,True
C0016083,SYNTHETIC_discharge_C0016083_ar.txt,ar,0.53,False,,7,M17.1,2026-11-15,True
C0019398,SYNTHETIC_discharge_C0019398_en.txt,en,0.95,False,,2,Z51.1,2027-08-25,True
C0016848,SYNTHETIC_discharge_C0016848_ar.txt,ar,0.47,False,,3,K35.8,2027-01-31,True
C0004399,SYNTHETIC_discharge_C0004399_ar.txt,ar,0.95,False,,4,I50.9,2024-02-19,True
C0014763,SYNTHETIC_discharge_C0014763_en.txt,en,0.55,False,,7,J18.9,2026-07-15,True
C0000674,SYNTHETIC_discharge_C0000674_ar.txt,ar,0.64,False,,2,O80,2023-03-17,True
C0004435,SYNTHETIC_discharge_C0004435_ar.txt,ar,0.95,False,,3,E11.9,2024-02-24,True
C0010246,SYNTHETIC_discharge_C0010246_en.txt,en,0.95,False,,8,I21.9,2025-08-04,True
C0000300,SYNTHETIC_discharge_C0000300_en.txt,en,0.95,False,,7,I21.9,2023-02-04,True
C0011271,SYNTHETIC_discharge_C0011271_ar.txt,ar,0.62,False,,8,I21.9,2025-11-11,True
C0007064,SYNTHETIC_discharge_C0007064_ar.txt,ar,0.95,False,,3,K35.8,2024-10-10,True
C0013125,SYNTHETIC_discharge_C0013125_en.txt,en,0.95,False,,3,L03.1,2026-03-20,True
C0016337,SYNTHETIC_discharge_C0016337_en.txt,en,0.44,False,,9,S72.0,2026-12-10,True
C0019556,SYNTHETIC_discharge_C0019556_ar.txt,ar,0.95,False,,6,N18.5,2027-09-06,True
C0004900,SYNTHETIC_discharge_C0004900_en.txt,en,0.95,False,,4,Z38.0,2024-04-03,True
C0015495,SYNTHETIC_discharge_C0015495_ar.txt,ar,0.61,False,,4,N39.0,2026-09-21,True
C0015529,SYNTHETIC_discharge_C0015529_en.txt,en,0.63,True,diagnosis_conflict,3,I21.9,2026-09-24,True
C0003015,SYNTHETIC_discharge_C0003015_en.txt,en,0.67,False,,3,O80,2023-10-22,True
C0009749,SYNTHETIC_discharge_C0009749_ar.txt,ar,0.95,False,,7,M17.1,2025-06-18,True
C0002280,SYNTHETIC_discharge_C0002280_ar.txt,ar,0.42,True,diagnosis_conflict,16,H25.1,2023-08-08,True
C0009820,SYNTHETIC_discharge_C0009820_en.txt,en,0.95,False,,4,J45.9,2025-06-24,True
C0000155,SYNTHETIC_discharge_C0000155_en.txt,en,0.95,False,,2,Z51.1,2023-01-18,True
C0013959,SYNTHETIC_discharge_C0013959_en.txt,en,0.95,False,,3,N18.5,2026-05-14,True
C0016128,SYNTHETIC_discharge_C0016128_en.txt,en,0.95,False,,6,J18.9,2026-11-21,True
C0006237,SYNTHETIC_discharge_C0006237_en.txt,en,0.56,False,,4,E11.9,2024-08-03,True
C0004795,SYNTHETIC_discharge_C0004795_en.txt,en,0.95,False,,2,I50.9,2024-03-27,True
C0003872,SYNTHETIC_discharge_C0003872_en.txt,en,0.95,False,,1,A09,2024-01-07,True
C0014371,SYNTHETIC_discharge_C0014371_ar.txt,ar,0.95,False,,6,C50.9,2026-06-20,True
C0003302,SYNTHETIC_discharge_C0003302_en.txt,en,0.95,False,,2,B34.9,2023-11-19,True
C0018559,SYNTHETIC_discharge_C0018559_en.txt,en,0.95,False,,3,E11.9,2027-06-13,True
C0019680,SYNTHETIC_discharge_C0019680_en.txt,en,0.95,False,,1,Z51.1,2027-09-14,True
C0019400,SYNTHETIC_discharge_C0019400_en.txt,en,0.43,False,,2,D64.9,2027-08-25,True
C0012908,SYNTHETIC_discharge_C0012908_en.txt,en,0.95,False,,2,N39.0,2026-03-16,True
C0014295,SYNTHETIC_discharge_C0014295_en.txt,en,0.95,False,,2,D64.9,2026-06-15,True
C0019358,SYNTHETIC_discharge_C0019358_en.txt,en,0.95,False,,5,J18.9,2027-08-23,True
C0011200,SYNTHETIC_discharge_C0011200_en.txt,en,0.95,False,,3,T14.9,2025-11-06,True
C0012476,SYNTHETIC_discharge_C0012476_en.txt,en,0.64,False,,5,E11.9,2026-02-05,True
C0019825,SYNTHETIC_discharge_C0019825_en.txt,en,0.95,False,,3,O80,2027-09-27,True
C0016548,SYNTHETIC_discharge_C0016548_en.txt,en,0.95,False,,6,N18.5,2026-12-30,True
C0015490,SYNTHETIC_discharge_C0015490_en.txt,en,0.95,False,,3,K35.8,2026-09-20,True
C0001015,SYNTHETIC_discharge_C0001015_ar.txt,ar,0.95,True,diagnosis_conflict,3,H25.1,2023-04-20,True
C0016799,SYNTHETIC_discharge_C0016799_en.txt,en,0.95,True,date_conflict,7,I50.9,2027-02-01,True
C0000502,SYNTHETIC_discharge_C0000502_ar.txt,ar,0.95,True,diagnosis_conflict,2,I21.9,2023-02-28,True
C0020209,SYNTHETIC_discharge_C0020209_ar.txt,ar,0.95,False,,4,L03.1,2027-11-04,True
C0003013,SYNTHETIC_discharge_C0003013_en.txt,en,0.95,False,,2,N39.0,2023-10-22,True
C0002866,SYNTHETIC_discharge_C0002866_ar.txt,ar,0.95,False,,2,E11.9,2023-10-08,True
C0013902,SYNTHETIC_discharge_C0013902_en.txt,en,0.95,False,,3,O80,2026-05-09,True
C0003266,SYNTHETIC_discharge_C0003266_en.txt,en,0.95,False,,1,Z51.1,2023-11-16,True
C0000496,SYNTHETIC_discharge_C0000496_ar.txt,ar,0.61,False,,1,Z51.1,2023-02-28,True
C0014916,SYNTHETIC_discharge_C0014916_en.txt,en,0.95,False,,1,R07.4,2026-07-29,True
C0011426,SYNTHETIC_discharge_C0011426_en.txt,en,0.95,True,diagnosis_conflict,3,M17.1,2025-11-17,True
C0020368,SYNTHETIC_discharge_C0020368_ar.txt,ar,0.95,False,,5,I50.9,2027-11-05,True
C0013204,SYNTHETIC_discharge_C0013204_en.txt,en,0.56,True,diagnosis_conflict,3,M17.1,2026-03-25,True
C0008886,SYNTHETIC_discharge_C0008886_en.txt,en,0.58,True,stay_length_conflict,1,I10,2025-04-06,True
C0006246,SYNTHETIC_discharge_C0006246_en.txt,en,0.95,False,,1,T14.9,2024-08-04,True
C0004960,SYNTHETIC_discharge_C0004960_en.txt,en,0.95,False,,6,I50.9,2024-04-07,True
C0007462,SYNTHETIC_discharge_C0007462_ar.txt,ar,0.95,True,diagnosis_conflict,2,D64.9,2024-11-16,True
C0009610,SYNTHETIC_discharge_C0009610_en.txt,en,0.95,False,,3,I10,2025-06-06,True
C0016715,SYNTHETIC_discharge_C0016715_en.txt,en,0.95,False,,4,Z38.0,2027-01-15,True
C0015916,SYNTHETIC_discharge_C0015916_ar.txt,ar,0.95,True,stay_length_conflict,16,L03.1,2026-10-29,True
C0002192,SYNTHETIC_discharge_C0002192_ar.txt,ar,0.42,False,,3,G40.9,2023-08-02,True
C0005769,SYNTHETIC_discharge_C0005769_en.txt,en,0.95,False,,1,T14.9,2024-06-20,True
C0016996,SYNTHETIC_discharge_C0016996_en.txt,en,0.95,False,,3,J45.9,2027-02-08,True
C0011135,SYNTHETIC_discharge_C0011135_ar.txt,ar,0.95,False,,2,R07.4,2025-10-29,True
C0007040,SYNTHETIC_discharge_C0007040_en.txt,en,0.95,False,,6,M17.1,2024-10-08,True
C0020774,SYNTHETIC_discharge_C0020774_en.txt,en,0.95,False,,2,G40.9,2027-12-14,True
C0000514,SYNTHETIC_discharge_C0000514_ar.txt,ar,0.52,False,,2,B34.9,2023-03-02,True
C0018155,SYNTHETIC_discharge_C0018155_en.txt,en,0.61,False,,3,K35.8,2027-05-10,True
C0014939,SYNTHETIC_discharge_C0014939_en.txt,en,0.95,False,,2,M17.1,2026-08-01,True
C0005854,SYNTHETIC_discharge_C0005854_en.txt,en,0.95,False,,5,M17.1,2024-07-01,True
C0010937,SYNTHETIC_discharge_C0010937_en.txt,en,0.95,True,date_conflict,3,J45.9,2025-10-02,True
C0019846,SYNTHETIC_discharge_C0019846_en.txt,en,0.95,False,,3,K80.2,2027-09-29,True
C0007352,SYNTHETIC_discharge_C0007352_en.txt,en,0.95,False,,1,H25.1,2024-11-05,True
C0003418,SYNTHETIC_discharge_C0003418_en.txt,en,0.47,False,,2,B34.9,2023-11-27,True
C0001711,SYNTHETIC_discharge_C0001711_ar.txt,ar,0.95,False,,6,M17.1,2023-06-23,True
C0006470,SYNTHETIC_discharge_C0006470_ar.txt,ar,0.95,False,,6,I21.9,2024-08-25,True
C0006858,SYNTHETIC_discharge_C0006858_en.txt,en,0.95,False,,2,H25.1,2024-09-22,True
C0007426,SYNTHETIC_discharge_C0007426_ar.txt,ar,0.95,False,,2,I21.9,2024-11-12,True
C0011871,SYNTHETIC_discharge_C0011871_en.txt,en,0.55,False,,5,N18.5,2025-12-14,True
C0017055,SYNTHETIC_discharge_C0017055_en.txt,en,0.57,False,,3,J45.9,2027-02-08,True
C0008862,SYNTHETIC_discharge_C0008862_en.txt,en,0.57,False,,4,L03.1,2025-04-04,True
C0013923,SYNTHETIC_discharge_C0013923_en.txt,en,0.44,False,,8,S72.0,2026-05-10,True
C0005962,SYNTHETIC_discharge_C0005962_ar.txt,ar,0.95,False,,8,S72.0,2024-07-09,True
C0004335,SYNTHETIC_discharge_C0004335_en.txt,en,0.95,False,,7,C50.9,2024-02-14,True
C0001050,SYNTHETIC_discharge_C0001050_en.txt,en,0.95,False,,5,J18.9,2023-04-23,True
C0000900,SYNTHETIC_discharge_C0000900_en.txt,en,0.95,False,,2,I10,2023-04-08,True
C0008504,SYNTHETIC_discharge_C0008504_ar.txt,ar,0.95,False,,2,J45.9,2025-03-04,True
C0003000,SYNTHETIC_discharge_C0003000_en.txt,en,0.95,False,,4,Z38.0,2023-10-21,True
C0014175,SYNTHETIC_discharge_C0014175_en.txt,en,0.95,False,,2,I10,2026-06-03,True
C0009836,SYNTHETIC_discharge_C0009836_en.txt,en,0.95,True,stay_length_conflict,11,T14.9,2025-06-25,True
C0011147,SYNTHETIC_discharge_C0011147_en.txt,en,0.63,True,diagnosis_conflict,2,C50.9,2025-10-31,True
C0000302,SYNTHETIC_discharge_C0000302_en.txt,en,0.95,False,,4,G40.9,2023-02-04,True
C0002169,SYNTHETIC_discharge_C0002169_ar.txt,ar,0.48,False,,9,S72.0,2023-07-31,True
