table,primary_key,status,rows,columns_populated,columns_defined,reason,required_content
member,member_sk,POPULATED,9024,16,17,"SYNTHETIC — 9,024 rows from member.csv (zip uae_demo.zip), generated by tools/make_uae_demo_dataset.py. Modelled on UAE constructs; describes no real person, provider or payer. NOT CERTIFIED — synthetic multi-table layout modelled on UAE claim constructs; never run against a live regulator feed.","Protected identity linkage, date of birth, sex, death status/source, sponsor/employer"
coverage_period,coverage_id,POPULATED,16920,14,14,"SYNTHETIC — 16,920 rows from coverage_period.csv (zip uae_demo.zip), generated by tools/make_uae_demo_dataset.py. Modelled on UAE constructs; describes no real person, provider or payer. NOT CERTIFIED — synthetic multi-table layout modelled on UAE claim constructs; never run against a live regulator feed.","Member, product, payer, effective dates, network, status"
benefit_rule_version,"(product, service_family, valid_from)",POPULATED,128,12,12,"SYNTHETIC — 128 rows from benefit_rule_version.csv (zip uae_demo.zip), generated by tools/make_uae_demo_dataset.py. Modelled on UAE constructs; describes no real person, provider or payer. NOT CERTIFIED — synthetic multi-table layout modelled on UAE claim constructs; never run against a live regulator feed.","Product, service family, coverage, limits, patient share, exceptions, effective dates"
provider,provider_sk,POPULATED,244,20,20,"SYNTHETIC — 244 rows from provider.csv (zip uae_demo.zip), generated by tools/make_uae_demo_dataset.py. Modelled on UAE constructs; describes no real person, provider or payer. NOT CERTIFIED — synthetic multi-table layout modelled on UAE claim constructs; never run against a live regulator feed.","Regulator IDs, type, specialty, facility, ownership and administrative identifiers"
provider_status_period,"(provider_sk, status_type, valid_from)",POPULATED,492,8,8,"SYNTHETIC — 492 rows from provider_status_period.csv (zip uae_demo.zip), generated by tools/make_uae_demo_dataset.py. Modelled on UAE constructs; describes no real person, provider or payer. NOT CERTIFIED — synthetic multi-table layout modelled on UAE claim constructs; never run against a live regulator feed.","Licence, privilege, network and exclusion status by effective date"
claim_header,claim_sk,POPULATED,24855,45,30,"SYNTHETIC — 24,855 rows from claim_header.csv (zip uae_demo.zip), generated by tools/make_uae_demo_dataset.py. Modelled on UAE constructs; describes no real person, provider or payer. NOT CERTIFIED — synthetic multi-table layout modelled on UAE claim constructs; never run against a live regulator feed. Derived columns: service/discharge dates and LOS from encounter (claim_line dates when absent); agent_id, policy_type and days_since_policy_start from the coverage active on the service date; diagnosis_primary/description/chapter from the PRINCIPAL diagnosis; approved amount = sum of remittance payment_amount; AED through the FX service; icd_code_matches_procedure: principal diagnosis vs billed codes per dx_proc_prohibition_table and indication_policy; provider_blacklist_flag: an EXCLUSION status active on the service date; previous_fraud_on_policy: False — no source table records it; discharge_readmit_gap_days: to the member's next inpatient admission (999 when there is none, and for non-inpatient claims)","Source IDs, sender/receiver, payer/TPA, encounter, amounts, submission/settlement data"
claim_line,line_sk,POPULATED,62009,22,22,"SYNTHETIC — 62,009 rows from claim_line.csv (zip uae_demo.zip), generated by tools/make_uae_demo_dataset.py. Modelled on UAE constructs; describes no real person, provider or payer. NOT CERTIFIED — synthetic multi-table layout modelled on UAE claim constructs; never run against a live regulator feed.","Activity type/code, units, amounts, clinician roles, indicator/modifier, authorisation ID"
diagnosis,"(claim_sk, code, sequence)",POPULATED,30985,11,11,"SYNTHETIC — 30,985 rows from diagnosis.csv (zip uae_demo.zip), generated by tools/make_uae_demo_dataset.py. Modelled on UAE constructs; describes no real person, provider or payer. NOT CERTIFIED — synthetic multi-table layout modelled on UAE claim constructs; never run against a live regulator feed.","Claim/encounter, code/version, type, principal/secondary, present-on-admission"
encounter,encounter_sk,POPULATED,24681,17,18,"SYNTHETIC — 24,681 rows from encounter.csv (zip uae_demo.zip), generated by tools/make_uae_demo_dataset.py. Modelled on UAE constructs; describes no real person, provider or payer. NOT CERTIFIED — synthetic multi-table layout modelled on UAE claim constructs; never run against a live regulator feed.","Type, facility, start/end, admission/discharge and location"
observation,observation_sk,POPULATED,37807,11,11,"SYNTHETIC — 37,807 rows from observation.csv (zip uae_demo.zip), generated by tools/make_uae_demo_dataset.py. Modelled on UAE constructs; describes no real person, provider or payer. NOT CERTIFIED — synthetic multi-table layout modelled on UAE claim constructs; never run against a live regulator feed.","Parent activity, type, result/value, attachment and event time"
authorization,authorization_sk,POPULATED,2215,11,11,"SYNTHETIC — 2,215 rows from authorization.csv (zip uae_demo.zip), generated by tools/make_uae_demo_dataset.py. Modelled on UAE constructs; describes no real person, provider or payer. NOT CERTIFIED — synthetic multi-table layout modelled on UAE claim constructs; never run against a live regulator feed.","Request/response IDs, status, validity, provider/facility, approved amounts/units"
authorization_line,authorization_line_sk,POPULATED,21285,8,8,"SYNTHETIC — 21,285 rows from authorization_line.csv (zip uae_demo.zip), generated by tools/make_uae_demo_dataset.py. Modelled on UAE constructs; describes no real person, provider or payer. NOT CERTIFIED — synthetic multi-table layout modelled on UAE claim constructs; never run against a live regulator feed.","Approved activity, quantity/value, conditions and denial code"
claim_version,"(claim_sk, version_no)",POPULATED,24855,8,8,"SYNTHETIC — 24,855 rows from claim_version.csv (zip uae_demo.zip), generated by tools/make_uae_demo_dataset.py. Modelled on UAE constructs; describes no real person, provider or payer. NOT CERTIFIED — synthetic multi-table layout modelled on UAE claim constructs; never run against a live regulator feed.",Original/resubmission/correction relationship and field-level version history
remittance,remittance_sk,POPULATED,62031,10,10,"SYNTHETIC — 62,031 rows from remittance.csv (zip uae_demo.zip), generated by tools/make_uae_demo_dataset.py. Modelled on UAE constructs; describes no real person, provider or payer. NOT CERTIFIED — synthetic multi-table layout modelled on UAE claim constructs; never run against a live regulator feed.","Claim/line decisions, denial/adjustment, payment, reference and settlement dates"
prescription_dispense,rx_sk,POPULATED,13023,21,21,"SYNTHETIC — 13,023 rows from prescription_dispense.csv (zip uae_demo.zip), generated by tools/make_uae_demo_dataset.py. Modelled on UAE constructs; describes no real person, provider or payer. NOT CERTIFIED — synthetic multi-table layout modelled on UAE claim constructs; never run against a live regulator feed.","Order, authorisation, prescribed/approved/billed/dispensed product and quantity"
policy_event,policy_event_sk,POPULATED,22082,8,8,"SYNTHETIC — 22,082 rows from policy_event.csv (zip uae_demo.zip), generated by tools/make_uae_demo_dataset.py. Modelled on UAE constructs; describes no real person, provider or payer. NOT CERTIFIED — synthetic multi-table layout modelled on UAE claim constructs; never run against a live regulator feed.","Enrolment/add/delete/correction event, actor and timestamp"
review_outcome,review_id,NOT_POPULATED,0,0,15,"Empty at load. Populated by reviewer dispositions recorded in the application; this is the feedback source, not a source-system table.","Disposition, validated category, confirmed amount, rationale and appeal result"
