metric,value,unit,status,definition,note,required_data
Precision proxy — CLAIM-level controls,0.2217,ratio,MEASURED,Share of claims flagged by a CLAIM/EPISODE/MEMBER-subject control that carry a fraud label.,"8,636 claims flagged (34.7% of the file) against a base rate of 10.6% — a lift of 2.10×. This is a PROXY for precision, not precision: real precision is confirmed ÷ REVIEWED and nothing has been reviewed. The labels are investigation-derived and selection-biased, so this is an UPPER BOUND.",
Precision proxy — ENTITY leads (context claims),0.1264,ratio,MEASURED,Share of claims belonging to a flagged PROVIDER/AGENT/COMMUNITY that carry a fraud label.,"19,123 claims sit under an entity lead. An entity lead does NOT assert that each of those claims is suspect — it asserts that the entity's pattern warrants review — so this figure is close to the base rate of 10.6% by construction and is reported to make that visible, not as a performance claim.",
Claim coverage — any control,0.8076,ratio,MEASURED,"Share of all claims touched by at least one signal, at any attribution level.",Reported so that the difference between the two figures above is inspectable rather than implicit.,
Gross flagged value (established exposure),38493900.8,AED,MEASURED,Sum of case exposure where an objective condition was shown to fail.,"GROSS FLAGGED VALUE IS NOT SAVINGS. Nothing here has been reviewed, confirmed, prevented or recovered.",
Gross flagged value (exposure NOT established),17600966.2,AED,MEASURED,Sum of case gross amounts where no objective condition has been shown to fail.,Reported SEPARATELY and never added to the figure above: a model-only lead shows its gross amount with 'exposure not yet established'.,
Confirmed AED,NOT_MEASURABLE_ON_THIS_DATASET,AED,NOT_MEASURABLE_ON_THIS_DATASET,Value of issues a reviewer has actually validated.,,review_outcome.confirmed_amount_aed
Prevented / recovered AED,NOT_MEASURABLE_ON_THIS_DATASET,AED,NOT_MEASURABLE_ON_THIS_DATASET,Value stopped pre-payment or recovered post-payment.,,remittance.* (no payment records exist in the claim extract)
Net savings after review cost,NOT_MEASURABLE_ON_THIS_DATASET,AED,NOT_MEASURABLE_ON_THIS_DATASET,Recovered/prevented value minus the fully loaded cost of the review effort.,"The COST side is computable: 5,894 cases × AED 120.00 = AED 707,280.00 of review effort. The SAVINGS side is not, because nothing has been confirmed. Reporting the cost alone would imply a negative return that is equally unevidenced.",review_outcome.confirmed_amount_aed and remittance.*
Provider/member abrasion,NOT_MEASURABLE_ON_THIS_DATASET,rate,NOT_MEASURABLE_ON_THIS_DATASET,"Complaints, appeals or relationship harm attributable to false positives.",,complaint.* and review_outcome.appeal_result
Pend turnaround,NOT_MEASURABLE_ON_THIS_DATASET,hours,NOT_MEASURABLE_ON_THIS_DATASET,Time from a PREPAY_PEND disposition to resolution.,,review_outcome.decided_at (populated as reviewers work the queue)
Overturn / appeal rate,NOT_MEASURABLE_ON_THIS_DATASET,ratio,NOT_MEASURABLE_ON_THIS_DATASET,Share of dispositions reversed on appeal.,,review_outcome.appeal_result
Rule stability,NOT_MEASURABLE_ON_THIS_DATASET,revisions/rule,NOT_MEASURABLE_ON_THIS_DATASET,Rate at which a rule's parameters or exclusions must be revised shortly after activation.,"Every control in this build is in SHADOW; none has been activated, so none has had a post-activation revision to count.",an activation history spanning at least one revision cycle
Alerts per reviewer,1473.5,cases/reviewer/run,MEASURED,Capacity and burnout indicator.,"5,894 cases across 4 reviewers. Daily capacity is 100 alerts, so this run's queue represents 58.9 days of review work.",
Time to case disposition,NOT_MEASURABLE_ON_THIS_DATASET,hours,NOT_MEASURABLE_ON_THIS_DATASET,Time from case creation to a recorded disposition.,,review_outcome.decided_at
