fraud_type,labelled_claims,flagged_by_claim_control,recall_claim_level,also_under_an_entity_lead,top_claim_level_controls
CLN level migration to top-level visits from April 2025,279,161,0.5771,279,NET-03-R01 (112); PAY-06-R03 (38); PAY-01-R03 (13); POL-01-R04 (10)
PAY modifier 25 appended to most visits,278,158,0.5683,278,NET-03-R01 (133); PAY-06-R03 (17); POL-01-R04 (9); PAY-10-R01 (9)
NET-02 quiet clinic becomes one of the busiest right after an ownership change,112,0,0.0,112,— none —
CLN hospital records (and documents) complication codes on most stays,86,53,0.6163,86,PAY-06-R03 (43); NET-03-R01 (16); PAY-10-R01 (4); POL-01-R04 (3)
CLN clinician billing more than seventeen hours of visits in one day,78,52,0.6667,78,PAY-06-R03 (52)
CLN hospital admitting overnight presentations others treat as outpatients,70,70,1.0,70,CLN-03-R01 (70); PAY-03-R03 (45); NET-03-R01 (1); CLN-05-R02 (1)
ENT-06 telehealth clinic whose calls turn into MRI referrals far more often than peers',57,23,0.4035,46,PAY-06-R03 (23); POL-01-R04 (1)
CLN hospital severity index jumps from May 2025 with unchanged stays,56,54,0.9643,56,PAY-06-R03 (53); NET-03-R01 (21); PAY-01-R03 (7); CLN-01-R02 (7)
CLN a general practice billing electroencephalograms,49,49,1.0,49,ENT-04-R01 (49); ENT-02-R03 (1)
PAY clinic systematically records zero or rounded-down patient share,49,49,1.0,43,PAY-07-R01 (49); POL-01-R04 (2)
ENT-03 newly credentialed clinic billing far above peers at once,48,41,0.8542,48,PAY-01-R03 (41); PAY-01-R02 (6); CLN-05-R03 (5); NET-03-R01 (5)
POL-01 employer-sponsored member not on the employer's roster,45,45,1.0,37,POL-01-R01 (45); NET-03-R01 (17); PAY-01-R03 (10); PAY-10-R01 (10)
NET-03 one small employer's staff all treated by the same two clinics,42,7,0.1667,42,PAY-01-R03 (6); CLN-05-R03 (6); POL-01-R04 (1)
ENT-06 telehealth clinic sending nearly every prescription to one pharmacy,36,18,0.5,36,PHR-03-R02 (18)
CLN clinic ordering genetic tests for a large share of its patients,34,34,1.0,34,PAY-06-R03 (34)
"CLN minor clinic visits reliably followed by a large specialist, CT and echo bundle",32,16,0.5,32,PAY-06-R03 (16); ENT-04-R01 (3); CLN-04-R01 (1)
NET-03 clinic waiving patient share on repeated knee injections for a small patient group,32,32,1.0,32,PAY-07-R01 (32); PAY-07-R02 (32); CLN-06-R05 (32); NET-03-R01 (32)
PAY clinic bills a payable substitute code after refused services,32,21,0.6562,32,CLN-03-R01 (16); CLN-03-R02 (16); ENT-04-R01 (16); PAY-01-R03 (4)
PHR-04 prescriber concentrated on one pharmacy,30,20,0.6667,30,PAY-01-R03 (20); CLN-05-R03 (20)
CLN ten consultations for a cold within one month,30,30,1.0,30,NET-03-R01 (30); PAY-01-R02 (30); PAY-01-R03 (30); CLN-04-R02 (30)
PHR-02 therapy continued beyond the policy duration on one prescription,30,30,1.0,30,PAY-01-R03 (30); PHR-02-R02 (30); CLN-05-R03 (23); PAY-01-R02 (10)
PHR-04 clinic-to-pharmacy flow with shared bank account and phone,27,18,0.6667,27,PAY-01-R03 (18); CLN-05-R03 (8)
DOC-02 one-line discharge summaries for high-complexity admissions,27,21,0.7778,27,NET-03-R01 (20); PAY-06-R03 (6); CLN-05-R03 (5); PAY-10-R01 (1)
CLN MRI scans billed beyond one day's scanner capacity (18),27,1,0.037,27,CLN-04-R01 (1)
NET-01 radiology centre turning every referral into a contrast CT,24,24,1.0,24,PAY-06-R03 (24); POL-01-R04 (1)
PHR-04 new prescriber-pharmacy link rapidly dominant,24,16,0.6667,24,PAY-01-R03 (16); CLN-05-R03 (16)
CLN diabetes billed repeatedly with no medicine or result ever recorded,24,24,1.0,24,CLN-06-R05 (24)
ENT-02 one Emirates-ID reference on two records with different dates of birth,23,23,1.0,16,ENT-02-R01 (23); PAY-10-R01 (10); NET-03-R01 (4); POL-01-R04 (1)
PAY clinic's changed resubmissions after one refusal reason always paid,22,22,1.0,22,PAY-08-R02 (22); NET-03-R01 (20); CLN-05-R03 (4); ENT-02-R03 (2)
NET-01 two clinics referring patients back and forth,22,1,0.0455,22,POL-01-R04 (1)
PAY novel unbundling: inflammation markers always billed as a separate pair,22,22,1.0,22,CLN-08-R01 (22); ENT-04-R01 (22)
ENT-05 hospital recording ordinary visits as day cases from August 2025,21,17,0.8095,21,NET-03-R01 (17); PAY-01-R03 (7); PAY-01-R02 (4); CLN-05-R03 (3)
PAY refused claim resubmitted with diagnosis and code swapped,20,20,1.0,18,PAY-08-R02 (20); NET-03-R01 (12); PAY-01-R03 (4); CLN-05-R03 (2)
PHR-02 early refills (stockpiling),20,20,1.0,20,PAY-01-R03 (20); PHR-02-R01 (20); CLN-05-R03 (16)
ENT-02 one member's cover used in two distant emirates on the same days,20,20,1.0,17,ENT-02-R04 (20); NET-03-R01 (1)
PHR-03 wastage billed far above vial arithmetic,20,20,1.0,20,NET-03-R01 (20); PAY-04-R04 (20); PAY-01-R03 (2); DOC-01-R02 (1)
PAY service resubmitted four times with a different change each time,20,20,1.0,20,PAY-08-R02 (20); PAY-08-R03 (20); NET-03-R01 (20); PAY-01-R03 (9)
PHR-04 high-cost prescriptions steered to one pharmacy,20,13,0.65,20,PAY-06-R03 (10); NET-03-R01 (6); PAY-01-R03 (2)
POL-01 application declared no prior cover and no conditions although earlier treatment is on record,19,15,0.7895,10,POL-01-R03 (15); POL-01-R04 (3)
POL-01 new employer group claiming within weeks at two clinics sharing a bank account,18,6,0.3333,18,POL-01-R04 (6)
ENT-03 clinic billing after its facility licence expired,16,16,1.0,11,ENT-03-R01 (16)
"CLN HbA1c repeated twelve days later, before the first result was recorded",16,16,1.0,4,CLN-04-R03 (16); CLN-04-R01 (16); PAY-01-R03 (12); CLN-05-R03 (10)
ENT-01 clinic billing after leaving the payer network,16,16,1.0,12,ENT-01-R04 (16); PAY-10-R01 (4); CLN-06-R05 (1); POL-01-R04 (1)
"PAY one adjudicator pays one provider's pended claims in full, uniformly",15,0,0.0,15,— none —
PHR-02 same controlled medicine from several unrelated prescribers,14,14,1.0,14,PAY-01-R03 (14); CLN-05-R03 (14); PAY-03-R01 (14); PHR-02-R03 (14)
NET-01 clinic keeps its lab and imaging referrals inside providers sharing its bank account and phone,14,10,0.7143,14,CLN-08-R01 (10)
CLN complication code lifts the case rate but is not in the discharge summary,13,13,1.0,12,CLN-02-R01 (10); PAY-06-R03 (8); CLN-01-R02 (2)
CLN clinic re-billing a reference laboratory's tests at three times its price,13,13,1.0,13,PAY-06-R01 (13); PAY-06-R03 (13)
ENT-03 clinician billing after their licence expired,13,13,1.0,13,ENT-03-R01 (13); NET-03-R01 (4); PAY-06-R03 (2); CLN-05-R03 (1)
POL-01 one person enrolled twice with overlapping cover,13,4,0.3077,3,POL-01-R01 (3); PAY-07-R01 (1)
CLN ECG billed for an upper respiratory infection with no cardiac reason,12,12,1.0,9,CLN-03-R01 (12); CLN-03-R02 (12)
PHR-02 same medicine collected from several pharmacies,12,12,1.0,8,PHR-02-R02 (12); PHR-02-R04 (12); PHR-02-R01 (12)
PAY patient share below the benefit co-payment,11,11,1.0,9,PAY-07-R01 (11); NET-03-R01 (5)
ENT-05 outpatient visit billed at the same hospital during the stay,10,10,1.0,10,ENT-05-R03 (10); NET-03-R01 (10); PAY-06-R03 (1)
ENT-02 services after the member's recorded death,10,10,1.0,9,ENT-02-R02 (10); NET-03-R01 (5); PAY-01-R03 (2); PAY-06-R03 (1)
PAY one adjudicator overrides one hospital's claims far more than colleagues,10,5,0.5,10,NET-03-R01 (5); PAY-06-R03 (3); CLN-02-R03 (1); PAY-01-R03 (1)
CLN member says the visit did not happen (verified app response),10,10,1.0,8,CLN-06-R04 (10); PAY-09-R04 (10); NET-03-R01 (2)
CLN imaging paid with no report or result on file,10,10,1.0,7,CLN-06-R01 (10); DOC-01-R01 (10); NET-03-R01 (1)
NET-04 clinic owned by the agent who sold its patients' policies,10,1,0.1,10,DOC-01-R02 (1)
PAY post-edit migration: modifier 59 after a new edit,9,0,0.0,9,— none —
PAY member receipt exceeds the approved patient share,9,9,1.0,9,PAY-07-R04 (9); NET-03-R01 (3)
"CLN long-standing condition on one claim only, absent from a long history",9,9,1.0,9,CLN-02-R03 (8); NET-03-R01 (6); PAY-01-R03 (1)
PAY road-traffic or work injury with no liable-party record,9,9,1.0,9,PAY-10-R03 (9); NET-03-R01 (4); PAY-01-R03 (3); POL-01-R04 (1)
PAY provider offsets credits against unrelated claims and bills negative lines,9,9,1.0,9,PAY-06-R02 (5); NET-03-R01 (5)
CLN knee MRI with no knee X-ray first,9,9,1.0,5,CLN-03-R03 (9); PAY-06-R03 (6)
PAY payment check overridden without a reason or by an unauthorised role,9,9,1.0,8,PAY-11-R01 (9); NET-03-R01 (3)
CLN all basic metabolic panel components billed one by one,8,8,1.0,5,CLN-08-R02 (8)
PAY clinical note describes a cosmetic service billed under a covered code,8,8,1.0,7,PAY-09-R01 (8); NET-03-R01 (5); PAY-01-R03 (2); DOC-01-R02 (1)
CLN main diagnosis marked not present on admission,8,8,1.0,8,CLN-02-R04 (8); PAY-06-R03 (5); NET-03-R01 (4); PAY-01-R03 (1)
"CLN laboratory tests with no ordering clinician, or one on no roster",8,8,1.0,1,CLN-08-R01 (8); ENT-04-R01 (4); POL-01-R01 (1); PAY-10-R01 (1)
CLN laboratory tests paid with no result recorded,8,8,1.0,1,DOC-01-R01 (8); CLN-08-R03 (7)
ENT-01 service after cover ended,8,8,1.0,7,ENT-01-R01 (8); POL-01-R01 (7); NET-03-R01 (4)
"DOC-01 required document never sent (operative note, discharge summary or imaging report)",8,8,1.0,6,DOC-01-R01 (8); PAY-06-R03 (2); PAY-10-R01 (1)
PAY member says the billed service did not take place,8,8,1.0,7,CLN-06-R04 (8); PAY-09-R04 (8); NET-03-R01 (2)
DOC-01 high-cost service without the required indication in the record,8,8,1.0,7,DOC-01-R03 (8); NET-03-R01 (5); PAY-06-R03 (2); PAY-01-R03 (1)
DOC-02 discharge summary carries another patient's age or sex,8,8,1.0,8,DOC-02-R02 (8); NET-03-R01 (2); PAY-06-R03 (2)
PAY same line paid twice,7,7,1.0,7,PAY-12-R02 (7); PAY-06-R02 (6); NET-03-R01 (2); PAY-01-R03 (1)
PHR-05 supplies beyond usual consumption or useful life,7,7,1.0,7,PHR-05-R03 (5); PAY-03-R01 (4); PAY-06-R03 (3)
PAY patient share left inside the amount claimed from the insurer,7,7,1.0,7,PAY-07-R02 (7); NET-03-R01 (4); POL-01-R04 (1); PAY-01-R03 (1)
"PAY resubmission with a missing, unknown or unrelated original",7,7,1.0,6,PAY-08-R01 (7); NET-03-R01 (2)
CLN identical three-service encounter at 10:00 for different patients,6,6,1.0,6,ENT-05-R01 (6); PAY-06-R01 (1)
CLN identical multi-value results reported for unrelated patients,6,0,0.0,6,— none —
PAY covered procedure billed with a cosmetic-risk diagnosis,6,6,1.0,6,PAY-09-R03 (6); CLN-03-R01 (4); CLN-03-R02 (4); ENT-04-R01 (4)
PAY unbundling: panel component billed beside its panel,6,6,1.0,3,CLN-08-R01 (6); PAY-02-R01 (6)
PHR-01 billed product differs from prescribed (non-equivalent),6,6,1.0,6,PHR-01-R01 (6)
"PHR-03 second-line drug without first-line history, or drug not indicated",6,6,1.0,0,PHR-03-R02 (6)
PHR-05 one device serial billed for two patients,6,6,1.0,6,PAY-03-R01 (6)
PHR-01 pharmacy billed more of a product in a month than its stock records allow,6,0,0.0,6,— none —
PAY payment increased after settlement with no reason on record,6,6,1.0,4,PAY-11-R03 (6); PAY-06-R02 (6); NET-03-R01 (2); PAY-01-R03 (1)
PAY patient share waived and shifted onto the insurer,6,6,1.0,6,PAY-07-R01 (6); PAY-07-R02 (6); NET-03-R01 (2)
PAY second insurer paid the bill and we paid too,6,6,1.0,5,PAY-10-R01 (6); PAY-10-R02 (6); PAY-01-R04 (6); NET-03-R01 (4)
ENT-04 physiotherapist billed for three overlapping timed sessions,6,6,1.0,6,PAY-03-R04 (6); NET-03-R01 (5)
ENT-01 physiotherapy course billed past the annual benefit limit,6,6,1.0,6,PAY-02-R01 (6); CLN-06-R05 (6); NET-03-R01 (6); PAY-01-R02 (6)
ENT-03 GP whose privileges exclude joint injections billing one,6,6,1.0,6,ENT-03-R03 (6)
"DOC-02 discharge summary rewritten after a denial (longer stay, severity added)",6,6,1.0,6,DOC-02-R03 (6)
"DOC-01 approval requested for a plain X-ray or ultrasound, advanced scan billed",6,6,1.0,4,DOC-01-R04 (6); NET-03-R01 (2)
PAY claim cancelled after payment; payment never reversed,6,6,1.0,6,PAY-12-R01 (6); NET-03-R01 (1); PAY-06-R03 (1)
PAY provider refund received but never applied (one applied months late),6,1,0.1667,6,NET-03-R01 (1)
PAY price above the contracted tariff,6,6,1.0,4,PAY-06-R01 (6); NET-03-R01 (2); POL-01-R04 (1)
ENT-01 cosmetic service billed under a plan that excludes it,6,6,1.0,5,ENT-04-R01 (6); PAY-07-R01 (6); ENT-01-R02 (6); PAY-06-R03 (6)
PHR-03 daily dose above the mg/kg limit,5,5,1.0,0,PHR-03-R01 (5); PAY-03-R01 (2)
PAY demographic impossibility: service outside its sex or age restriction,5,5,1.0,2,PAY-03-R02 (5); CLN-08-R01 (3); DOC-02-R02 (3)
PAY approval scope: another code or another provider,5,5,1.0,5,CLN-03-R03 (5); PAY-04-R03 (5)
"PAY approval refused, or service after the approval expired",5,5,1.0,5,PAY-04-R02 (5); CLN-03-R03 (5)
"PAY cross-payer duplicate: second insurer also paid, no coordination record",5,5,1.0,5,PAY-01-R04 (5); NET-03-R01 (3); CLN-05-R03 (1); POL-01-R04 (1)
ENT-04 clinician from another facility billed as the treating clinician,5,5,1.0,4,ENT-04-R02 (5); NET-03-R01 (3)
ENT-05 inpatient stay billed with no bed assigned,5,5,1.0,5,ENT-05-R02 (5); NET-03-R01 (2); PAY-06-R03 (2); PAY-10-R01 (1)
POL-01 member added after a costly service with cover backdated over it,5,5,1.0,5,POL-01-R02 (5); NET-03-R01 (5); PAY-06-R03 (3)
PAY paid in full after a documented third-party settlement,5,5,1.0,5,PAY-10-R04 (5); NET-03-R01 (3)
PAY prior approval missing for advanced imaging,5,5,1.0,5,PAY-04-R01 (5); CLN-03-R03 (5)
PAY member receipt names a different item from the one billed,5,5,1.0,4,PAY-09-R04 (5); NET-03-R01 (3)
PAY modifier 22 without the supporting report,5,5,1.0,2,PAY-05-R02 (5)
PHR-01 dispensing record differs from billed product or quantity,5,5,1.0,5,PHR-01-R03 (5)
PHR-01 receipt shows a non-medical item billed as a covered medicine,5,5,1.0,5,PAY-07-R04 (5); PAY-09-R04 (5)
PHR-01 billed quantity three times the prescription,5,5,1.0,5,PHR-01-R02 (5)
ENT-03 GP billing specialist consultation codes,4,4,1.0,4,ENT-03-R04 (4); PAY-06-R03 (2); NET-03-R01 (1)
PAY modifier 59 used to bypass an edit that allows no modifier,4,4,1.0,2,PAY-02-R01 (4); PAY-05-R01 (4); CLN-08-R01 (3)
PAY unit maximum: units above the daily maximum,4,4,1.0,3,PAY-03-R03 (4); PAY-06-R03 (2); DOC-01-R01 (1)
PAY time units: billed minutes exceed the recorded window,4,4,1.0,3,PAY-03-R04 (4)
"PAY package: included component charged, refused at remittance",4,4,1.0,4,PAY-02-R03 (4); PAY-06-R03 (3); NET-03-R01 (1)
PAY payment reference reused across providers and dates,4,4,1.0,4,PAY-12-R02 (4); NET-03-R01 (2); PAY-01-R03 (1)
PAY invalid code: deleted code billed after its end date,4,4,1.0,4,PAY-03-R01 (4)
PAY package leakage: included component charged and paid,4,4,1.0,4,PAY-04-R04 (4); PAY-02-R04 (4); PAY-02-R03 (4); NET-03-R01 (3)
"PHR-05 implant with no procedure, or on the opposite side",4,4,1.0,4,PHR-05-R02 (4); PAY-06-R03 (4); NET-03-R01 (2); PAY-01-R03 (2)
ENT-06 three-minute teleconsult ending in a prescription,4,4,1.0,4,ENT-06-R02 (4); PHR-03-R02 (1)
PAY approval reused for other patients,4,4,1.0,4,PAY-04-R05 (4); CLN-03-R03 (4); PAY-04-R04 (4)
ENT-06 telehealth visit billing an ECG,4,4,1.0,3,ENT-06-R01 (4)
PAY approval exhausted: drug course beyond the approved units,4,4,1.0,2,NET-03-R01 (4); PAY-04-R04 (4); PAY-01-R03 (4); PAY-06-R03 (4)
PAY cross-provider unbundling: ECG interpretation billed again,4,4,1.0,4,PAY-02-R02 (4)
ENT-04 clinician billed while on recorded annual leave,3,0,0.0,3,— none —
CLN the same diagnosis code listed twice on a claim,3,3,1.0,3,CLN-02-R04 (3); DOC-01-R02 (1); PAY-06-R03 (1); NET-03-R01 (1)
CLN lipid panel billed together with its own cholesterol component,3,3,1.0,1,PAY-02-R01 (3)
PHR-05 used or rented equipment billed as a new purchase,3,3,1.0,3,PHR-05-R01 (3); PAY-03-R01 (3)
PAY package incomplete: core activities not itemised,3,3,1.0,3,PAY-02-R03 (3); NET-03-R01 (2); PAY-06-R03 (2); PAY-01-R03 (1)
NET-03 several patients of one clinic say billed services were never given,3,2,0.6667,3,CLN-06-R04 (2); PAY-09-R04 (2)
ENT-05 service billed by a pharmacy not licensed for it,3,3,1.0,2,ENT-05-R01 (3); ENT-01-R01 (1); POL-01-R01 (1)
ENT-04 consultation line with no treating clinician,3,3,1.0,2,ENT-04-R01 (3)
ENT-04 clinician billed in two distant emirates twenty minutes apart,2,1,0.5,2,ENT-04-R02 (1)
ENT-05 service billed by a radiology centre not licensed for it,2,2,1.0,0,CLN-08-R01 (2); ENT-05-R01 (2); ENT-01-R01 (1); POL-01-R01 (1)
PAY post-edit: plain component billed with its parent after the edit,2,2,1.0,2,PAY-02-R01 (2)
PAY cross-payer duplicate: secondary insurer paid the full bill,2,2,1.0,1,PAY-10-R02 (2); PAY-01-R04 (2); PAY-10-R01 (2); NET-03-R01 (1)
ENT-04 consultation line with the facility's own code as treating clinician,2,2,1.0,2,ENT-04-R01 (2); PAY-01-R03 (1); NET-03-R01 (1)
PAY invalid code: code absent from the code set,2,2,1.0,2,PAY-03-R01 (2); PAY-07-R01 (1)
PAY unit maximum: daily units split over two claims,2,2,1.0,2,PAY-01-R02 (2); PAY-01-R03 (2); PAY-01-R01 (2); CLN-05-R03 (2)
PAY member complaint of being charged more than the share,2,2,1.0,2,PAY-07-R04 (2); NET-03-R01 (1)
ENT-04 consultation line with a clinician ID on no roster,1,1,1.0,1,ENT-04-R01 (1)
PAY time units: one clinician in two timed sessions at once,1,1,1.0,0,PAY-03-R04 (1)
