requirement,statement,scenario_families,implementing_modules,module_status,test_ids,test_status,gate,gate_status,verdict
FR1,Execute the full 164-control catalogue across the six execution stages with the latency ceilings,All (ENT–POL),fwa.engine.registry (registry.py); fwa.engine.evaluator (evaluator.py); fwa.engine.controls (controls.py); fwa.statistical.composite (composite.py); fwa.models.layer (layer.py); fwa.nlp.pipeline (pipeline.py); fwa.graph.build (build.py),PRESENT,tests/unit/test_registry_lifecycle.py; tests/governance/test_ten_category_suite.py,PRESENT,Rule-level ten-category suite; stage latency ceilings,NOT_ASSESSABLE,PARTIAL — the catalogue is complete (164 controls registered) but only 157 controls produced signals on this dataset; the rest are classified NOT_EXECUTABLE_ON_THIS_DATASET with reasons
FR2,Support the canonical data model with as-of joins and full version history,All (data dependency),fwa.canonical.model (model.py); fwa.canonical.adapters (adapters.py); fwa.reference.asof (asof.py); fwa.lineage.episodes (episodes.py),PRESENT,tests/unit/test_asof_reference.py; tests/unit/test_adapters.py; tests/integration/test_scenario_integration.py,PRESENT,Effective-date test; correction/resubmission test,PASS,PASS — implemented and covered by a present test
FR3,"Implement the atomic-control contract as versioned, owned configuration",All,fwa.engine.contract (contract.py); fwa.engine.registry (registry.py),PRESENT,tests/governance/test_disposition_legality.py; tests/unit/test_contract.py; tests/governance/test_ten_category_suite.py,PRESENT,Idempotency test; hard-edit gate (≥99% reproducibility),NOT_ASSESSABLE,PASS — implemented and covered by a present test
FR4,Correlate signals into cases along the six correlation dimensions with evidence capping,All (case correlation),fwa.cases.correlate (correlate.py); fwa.engine.signals (signals.py),PRESENT,tests/governance/test_evidence_capping.py; tests/integration/test_scenario_integration.py,PRESENT,"Scenario integration tests (correlation, evidence capping)",—,PASS — implemented and covered by a present test
FR5,Compute the transparent priority score and AED exposure,All (scored entities),fwa.cases.priority (priority.py); fwa.cases.exposure (exposure.py); fwa.config (config.py),PRESENT,tests/unit/test_priority.py; tests/unit/test_exposure.py,PRESENT,"Operational metrics: confirmed/prevented AED, net savings",NOT_ASSESSABLE,PASS — implemented and covered by a present test
FR6,"Deliver a prioritised, evidence-backed review queue with full drill-down to source facts and rule versions",All,fwa.cases.correlate (correlate.py); fwa.engine.signals (signals.py); app.pages,PRESENT,tests/governance/test_ten_category_suite.py; tests/integration/test_scenario_integration.py,PRESENT,Evidence-snapshot test; SUS usability evaluation (future work),—,PASS — implemented and covered by a present test
FR7,Capture review outcomes and feed them back into rule tuning and future model evaluation,All,fwa.canonical.model (model.py); fwa.auth.service (service.py); fwa.models.drift (drift.py),PRESENT,tests/unit/test_review_outcome.py,PRESENT,"Review yield, overturn/appeal rate, drift monitoring",—,PARTIAL — the capture path exists; no outcomes have been recorded yet
NFR-explainability,"Every signal traceable to a rule, fact and, where applicable, peer group and score decomposition","All, especially S/M/T/N controls",fwa.statistical.composite (composite.py); fwa.models.explain (explain.py); fwa.cases.priority (priority.py); fwa.nlp.pipeline (pipeline.py),PRESENT,tests/governance/test_ten_category_suite.py; tests/unit/test_explain.py,PRESENT,Evidence-snapshot test; model gate (explanation-quality test),—,PASS — implemented and covered by a present test
NFR-reproducibility,A peer-comparison or model result must be reconstructable from its stored baseline version at any later date,All effective-dated controls,fwa.statistical.peers (peers.py); fwa.reference.asof (asof.py); fwa.config (config.py),PRESENT,tests/integration/test_scenario_integration.py; tests/unit/test_asof_reference.py,PRESENT,Effective-date test; statistical-rule gate (baseline reproducibility),—,PASS — implemented and covered by a present test
NFR-privacy,"Data minimisation, de-identification where feasible, and access control","ENT-02, NET-01–04, POL-01",fwa.canonical.raw_store (raw_store.py); fwa.auth.rbac (rbac.py); fwa.auth.service (service.py),PRESENT,tests/governance/test_tenant_isolation.py; tests/unit/test_rbac.py,PRESENT,Tenant-isolation test; Epic 3 legal/privacy gate,NOT_ASSESSABLE,PASS — implemented and covered by a present test
NFR-performance,Stage-specific latency ceilings,INGEST/PREPAY_SYNC controls,fwa.engine.evaluator (evaluator.py); fwa.pipeline (pipeline.py),PRESENT,tests/integration/test_pipeline.py,PRESENT,Data-readiness and hard-edit gates,PASS,PASS — implemented and covered by a present test
NFR-rollback,Any control or model can be deactivated without a code deployment,All,fwa.engine.registry (registry.py); fwa.audit.log (log.py),PRESENT,tests/unit/test_registry_lifecycle.py,PRESENT,Production gate,NOT_ASSESSABLE,PASS — implemented and covered by a present test
NFR-alert-ceiling,A runaway rule cannot flood the review queue,Statistical/model/network controls,fwa.engine.evaluator (evaluator.py); fwa.config (config.py),PRESENT,tests/unit/test_alert_ceiling.py,PRESENT,Production gate; alerts-per-reviewer metric,NOT_ASSESSABLE,PASS — implemented and covered by a present test
NFR-audit,"Every disposition, override and configuration change is permanently and attributably recorded","PAY-11 (override abuse), all access",fwa.audit.log (log.py); fwa.auth.service (service.py),PRESENT,tests/unit/test_audit_log.py; tests/unit/test_rbac.py,PRESENT,Production gate (audit logs),NOT_ASSESSABLE,PASS — implemented and covered by a present test
SAFETY-3.3,"A signal is not a fraud finding: only REJECT may deny, and only from an objective, effective-dated H/E condition",All,fwa.enums (enums.py); fwa.engine.contract (contract.py); fwa.engine.registry (registry.py),PRESENT,tests/governance/test_disposition_legality.py; tests/governance/test_ai_cannot_change_disposition.py; tests/governance/test_copilot_refusal.py,PRESENT,Structural — the registry refuses to load an illegal control,—,PASS — implemented and covered by a present test
RQ3-no-leakage,No detection component may read the held-out evaluation labels,All,fwa.features.frame (frame.py); fwa.evaluation.metrics (metrics.py),PRESENT,tests/governance/test_label_leakage.py,PRESENT,A leakage test that fails breaks the build,—,PASS — implemented and covered by a present test
